-- phpMyAdmin SQL Dump
-- version 4.1.14
-- http://www.phpmyadmin.net
--
-- Servidor: 127.0.0.1
-- Tiempo de generación: 15-11-2018 a las 04:07:43
-- Versión del servidor: 5.6.17
-- Versión de PHP: 5.5.12

SET SQL_MODE = "NO_AUTO_VALUE_ON_ZERO";
SET time_zone = "+00:00";


/*!40101 SET @OLD_CHARACTER_SET_CLIENT=@@CHARACTER_SET_CLIENT */;
/*!40101 SET @OLD_CHARACTER_SET_RESULTS=@@CHARACTER_SET_RESULTS */;
/*!40101 SET @OLD_COLLATION_CONNECTION=@@COLLATION_CONNECTION */;
/*!40101 SET NAMES utf8 */;

--
-- Base de datos: `nomina`
--

-- --------------------------------------------------------

--
-- Estructura de tabla para la tabla `concepto`
--

CREATE TABLE IF NOT EXISTS `concepto` (
  `codconcepto` varchar(10) NOT NULL,
  `descripcion` varchar(50) DEFAULT NULL,
  `tipo` int(11) DEFAULT NULL,
  `codtercero` varchar(20) DEFAULT NULL,
  PRIMARY KEY (`codconcepto`),
  KEY `IXFK_concepto_tipoconcepto` (`tipo`),
  KEY `concepto_fk1` (`codtercero`)
) ENGINE=InnoDB DEFAULT CHARSET=latin1 AVG_ROW_LENGTH=5461;

--
-- Volcado de datos para la tabla `concepto`
--

INSERT INTO `concepto` (`codconcepto`, `descripcion`, `tipo`, `codtercero`) VALUES
('AUXTRA', 'AUXILIO DE TRANSPORTE', 1, NULL),
('BANBOGOTA', 'BANCO DE BOGOTA', 2, NULL),
('BANCOLOMBI', 'BANCOLOMBIA', 2, 'T010'),
('BANOCCIDEN', 'BANCO DE OCCIDENTE', 2, 'T009'),
('BASICO', 'BASICO', 3, NULL),
('BASICOLIC', 'BASICO LICENCIA', 1, NULL),
('CAJA', 'CAJA DE COMPENSACION FAMILIAR', 4, NULL),
('CESAN', 'CESANTIAS', 1, NULL),
('CESANFNA', 'CESANTIAS FONDO NACIONAL DEL AHORRO', 5, NULL),
('CITIBANK', 'CITIBANK', 2, 'T008'),
('COOARESAN', 'COOARESAN', 2, 'T011'),
('CUOTADEPOR', 'CUOTA DEPORTES', 2, 'T006'),
('DAVIVIENDA', 'BANCO DAVIVIENDA', 2, 'T007'),
('DIASCONT', 'DIAS TOTAL CONTRATO', 0, NULL),
('DIASEL', 'DIAS EFECTIVOS', 0, NULL),
('DIASI', 'DIAS INCAPACIDAD', 0, NULL),
('DIASIP', 'DIAS INCAPACIDAD PROFESIONAL', 0, NULL),
('DIASIT', 'DIAS INCAPACIDAD TRANSITO', 0, NULL),
('DIASM', 'DIAS MATERNIDAD', 0, NULL),
('DIASP', 'DIAS PATERNIDAD', 0, NULL),
('DIASS', 'DIAS PAGADOS POR SUELDO', 0, NULL),
('DIASV', 'DIAS VACACIONES', 0, NULL),
('EMBARGO5P', 'EMBARGO QUINTA PARTE', 2, NULL),
('EMBARGOS', 'EMBARGOS', 2, NULL),
('EXTSINTRA', 'EXTRA SINTRAUNICOL', 2, NULL),
('FAPAHO', 'CUOTA DE AHORRO', 2, 'T004'),
('FAPROEMER', 'UNICO GENERAL', 2, 'T004'),
('FAPVIV', 'FONDO DE VIVIENDA', 2, 'T004'),
('FONSOL', 'FONDO DE SOLIDARIDAD', 2, NULL),
('FUNEOLIV', 'FUNERALES LOS OLIVOS UFPS', 2, 'T003'),
('HORAS', 'HORAS', 1, NULL),
('IBC', 'INGRESO BASE DE COTIZACION', 3, NULL),
('IBCICBF', 'INGRESO BASE DE COTIZACION ICBF', 3, NULL),
('IBCRIESGOS', 'INGRESO BASE DE COTIZACION RIESGOS ', 3, NULL),
('ICBF', 'APORTES I.C.B.F.', 4, NULL),
('INTCES', 'INTERESES DE CESANTIAS', 1, NULL),
('LICINC', 'LICENCIA POR INCAPACIDAD', 1, NULL),
('LICINCPRO', 'LICENCIA POR INCAPACIDAD PROFESIONAL', 1, NULL),
('LICMAT', 'LICENCIA POR MATERNIDAD', 1, NULL),
('LICPAT', 'LICENCIA POR PATERNIDAD', 1, NULL),
('MATRIPRES', 'MATRICULAS PRESENCIAL', 2, NULL),
('MULTIACSER', 'MULTIACTIVA DE SERVICIOS', 2, NULL),
('MULTIASNEI', 'MULTIASNEI S.A.S.', 2, NULL),
('PENSION', 'INVALIDEZ, VEJEZ, MUERTE', 2, NULL),
('PENSIONACT', 'PENSION ACTIVOS', 1, NULL),
('PENSIOP', 'INVALIDEZ, VEJEZ, MUERTE PATRONAL', 4, NULL),
('PRISER', 'PRIMA DE SERVICIOS', 1, NULL),
('PROANC', 'ESTAMPILLA PROANCIANOS', 2, NULL),
('PROCULTURA', 'ESTAMPILLA PROCULTURA', 2, NULL),
('PRODES', 'ESTAMPILLA PRODESARROLLO', 2, NULL),
('PRODESACAD', 'ESTAMPILLA PRODESARROLLO ACAD, CIENT Y TECN', 2, NULL),
('PROFRO', 'ESTAMPILLA PRODESARROLLO FRONTERIZO', 2, NULL),
('RETE383', 'RETEFUENTE TABLA ART.383', 3, NULL),
('RETEFU', 'RETEFUENTE', 2, 'T005'),
('RETEIMAN', 'RETEFUENTE IMPUESTO MINIMO ALTERNATIVO (IMAN)', 3, NULL),
('RIESGOS', 'RIESGOS PATRONALES', 4, NULL),
('SALUD', 'MEDICINA FAMILIAR', 2, NULL),
('SALUDACT', 'SALUD MES ACTUAL', 2, NULL),
('SALUDP', 'MEDICINA FAMILIAR PATRONAL', 4, NULL),
('SEGBOLIVAR', 'SEGUROS BOLIVAR', 2, 'T002'),
('SINTRA', 'SINTRAUNICOL', 2, 'T001'),
('SUEBA', 'SUELDO', 1, NULL),
('SUOFICINA', 'PAPALERIA SU OFICINA', 2, NULL),
('VACAC', 'VACACIONES', 1, NULL);

-- --------------------------------------------------------

--
-- Estructura de tabla para la tabla `empleado`
--

CREATE TABLE IF NOT EXISTS `empleado` (
  `codigo` varchar(5) NOT NULL,
  `cedula` varchar(15) DEFAULT NULL,
  `nombre` varchar(50) DEFAULT NULL,
  `fechanacimiento` date DEFAULT NULL,
  `fechaingreso` date DEFAULT NULL,
  `fecharetiro` date DEFAULT NULL,
  PRIMARY KEY (`codigo`)
) ENGINE=InnoDB DEFAULT CHARSET=latin1;

--
-- Volcado de datos para la tabla `empleado`
--

INSERT INTO `empleado` (`codigo`, `cedula`, `nombre`, `fechanacimiento`, `fechaingreso`, `fecharetiro`) VALUES
('50057', NULL, 'Numa Mendoza Javier Vidal', NULL, NULL, NULL),
('50179', NULL, 'Blanco Zambrano Pedro Javier', NULL, NULL, NULL),
('50399', NULL, 'Chavez Triana Yermison Adolfo', NULL, NULL, NULL),
('50535', NULL, 'Velasco Edwin Alberto', NULL, NULL, NULL),
('50677', NULL, 'Rubio Niño Jheyner Eduardo', NULL, NULL, NULL),
('50839', NULL, 'Ortigui Briceño Deicy Lorena', NULL, NULL, NULL),
('50853', NULL, 'Vargas Rodriguez Edwin Giovanny', NULL, NULL, NULL),
('50961', NULL, 'Villamizar Ibarra Diana Carolina', NULL, NULL, NULL),
('50976', NULL, 'Vasquez Villar Franklin Jose', NULL, NULL, NULL),
('50984', NULL, 'Velandia Velandia William Henry', NULL, NULL, NULL),
('51022', NULL, 'Marin Muñoz Mary Alejandra', NULL, NULL, NULL),
('51023', NULL, 'Leon Lizarazo Cristhian Leonardo', NULL, NULL, NULL),
('51067', NULL, 'Ardila Parra Josue David', NULL, NULL, NULL),
('51124', NULL, 'Guerrero Silvera Gerson Jair', NULL, NULL, NULL),
('51132', NULL, 'Soler Uscategui Jairo Moises', NULL, NULL, NULL),
('51144', NULL, 'Arevalo Gutierrez Cristian Camilo', NULL, NULL, NULL),
('51160', NULL, 'Cely Carrascal Milton Alexander', NULL, NULL, NULL),
('51168', NULL, 'Carrillo Ibarra John Jairo', NULL, NULL, NULL),
('51216', NULL, 'Cano Pabon Jose Rafael', NULL, NULL, NULL),
('51229', NULL, 'Calderon Villamizar Javier Eduardo', NULL, NULL, NULL),
('51238', NULL, 'Duran Sierra Janes', NULL, NULL, NULL),
('51241', NULL, 'Suescun Torres Jhocel Duvan', NULL, NULL, NULL),
('51245', NULL, 'Martinez Pinzon Emanuel', NULL, NULL, NULL),
('51252', NULL, 'Hernandez Florez Jose Andres', NULL, NULL, NULL),
('51253', NULL, 'Quintero Niño Yhuver Andrey', NULL, NULL, NULL),
('51261', NULL, 'Montes Gomez William Alberto', NULL, NULL, NULL),
('51262', NULL, 'Fonseca Gomez John Alexander', NULL, NULL, NULL),
('51267', NULL, 'Caballero Sanchez Daniel Jose', NULL, NULL, NULL),
('51272', NULL, 'Sandoval Madariaga Yariendy Fernanda', NULL, NULL, NULL),
('51290', NULL, 'Garcia Maldonado Javier Brandon', NULL, NULL, NULL),
('51296', NULL, 'Rueda Suarez Manuel Ernesto', NULL, NULL, NULL),
('51308', NULL, 'Sanchez Mancilla Juan David', NULL, NULL, NULL),
('51330', NULL, 'Martinez Hernandez Edward Alfonso', NULL, NULL, NULL),
('51340', NULL, 'Carrascal Villamizar Diego Alirio', NULL, NULL, NULL),
('51342', NULL, 'Duarte Maldonado Cristian Andres', NULL, NULL, NULL),
('51351', NULL, 'Arevalo Montes Sami Yahir', NULL, NULL, NULL),
('51354', NULL, 'Buitrago Espitia Laura Daniela', NULL, NULL, NULL),
('51371', NULL, 'Arias Vargas Brayan Stevenson', NULL, NULL, NULL),
('51372', NULL, 'Reyes Vargas Aylin Natalia', NULL, NULL, NULL),
('51376', NULL, 'Ayala Llanes Crisel Jazmin', NULL, NULL, NULL),
('51450', NULL, 'Carreño Parada Johan Andres', NULL, NULL, NULL),
('51452', NULL, 'Soto Vergel Aaron Stevenson', NULL, NULL, NULL),
('51454', NULL, 'Botello Diaz Jhorman Jesus', NULL, NULL, NULL),
('51455', NULL, 'Sepulveda Vega Nelson Andres', NULL, NULL, NULL),
('51457', NULL, 'Fernandez Rodriguez Wilson Alexander', NULL, NULL, NULL),
('51459', NULL, 'Ramirez Leal Jhonatan Jose', NULL, NULL, NULL),
('51460', NULL, 'Paredes Peña Eismar Johann', NULL, NULL, NULL),
('51466', NULL, 'Garcia Alvarado Elfar Jose', NULL, NULL, NULL),
('81306', NULL, 'Soto Villamizar Brayan Manuel', NULL, NULL, NULL),
('81308', NULL, 'Torrado Alvarez Andres Julian', NULL, NULL, NULL),
('81309', NULL, 'Ramirez Gutierrez Michell Alexandra', NULL, NULL, NULL),
('81310', NULL, 'Acevedo Rincon Marlin Tatiana', NULL, NULL, NULL),
('81311', NULL, 'Amaya Quintero Wendy Solandy', NULL, NULL, NULL),
('81312', NULL, 'Vargas Escandon Michael Steven', NULL, NULL, NULL),
('81313', NULL, 'Sanchez Rodriguez Juan Carlos', NULL, NULL, NULL),
('81314', NULL, 'Sale Duarte Ana Maria', NULL, NULL, NULL),
('81315', NULL, 'Redondo Urquijo Maria Gabriela', NULL, NULL, NULL),
('81316', NULL, 'Alvarado Garcia Mery Gabriela', NULL, NULL, NULL),
('81317', NULL, 'Contreras Sierra Karet Angelica', NULL, NULL, NULL),
('81318', NULL, 'Avila Arteaga Cesar Camilo', NULL, NULL, NULL),
('81319', NULL, 'Villa Usme Diego Alejandro', NULL, NULL, NULL),
('81320', NULL, 'Higuera Ferrel Jennifer Tatiana', NULL, NULL, NULL),
('81321', NULL, 'Culma Torres Devye Chirley', NULL, NULL, NULL),
('81322', NULL, 'Gualdron Ortiz Jesus Eduardo', NULL, NULL, NULL),
('81323', NULL, 'Abril Casadiegos Luis Eliecer', NULL, NULL, NULL),
('81324', NULL, 'Contreras Sierra Karla Zaray', NULL, NULL, NULL),
('81325', NULL, 'Castro Caballero Jayder Jovany', NULL, NULL, NULL),
('81326', NULL, 'Gelviz Ramirez Yesid Orlando', NULL, NULL, NULL),
('92192', NULL, 'Lopez Leal Miguel Angel', NULL, NULL, NULL),
('92217', NULL, 'Ruiz Castrillon Camila Jose', NULL, NULL, NULL),
('92219', NULL, 'Contreras Toloza Jefferson Andres', NULL, NULL, NULL),
('92233', NULL, 'Mandon Corzo Maria Lisbeth', NULL, NULL, NULL),
('92237', NULL, 'Jaimes Noguera Jhoan Sneider', NULL, NULL, NULL),
('92240', NULL, 'Torres Prieto Zainy Yisneth', NULL, NULL, NULL),
('92241', NULL, 'Bautista Duque Jose Luis', NULL, NULL, NULL),
('92246', NULL, 'Garcia Capacho Marlon Antonio', NULL, NULL, NULL),
('92247', NULL, 'Fuentes Benitez Yarleni Alexandra', NULL, NULL, NULL),
('92248', NULL, 'Guerrero Cetina Natalia Sirley', NULL, NULL, NULL),
('92250', NULL, 'Duarte Suarez Azdrubal Steven', NULL, NULL, NULL),
('92251', NULL, 'Acevedo Vega Yerli Yisseth', NULL, NULL, NULL),
('92252', NULL, 'Florez Rivera Angie Andrea', NULL, NULL, NULL),
('92259', NULL, 'Salazar Contreras Lorena', NULL, NULL, NULL),
('92262', NULL, 'Izquierdo Mantilla Valentina', NULL, NULL, NULL),
('92265', NULL, 'Becerra Carrillo Josue', NULL, NULL, NULL),
('92270', NULL, 'Hernandez Contreras Angie Camila', NULL, NULL, NULL),
('92271', NULL, 'Lopez Fernandez Rene Camilo', NULL, NULL, NULL),
('92274', NULL, 'Merchan Ortiz Andrey Fabian', NULL, NULL, NULL),
('92279', NULL, 'Molina Jimenez Arleni Juliana', NULL, NULL, NULL),
('92290', NULL, 'Salcedo Arevalo Brenda Hailyn', NULL, NULL, NULL),
('92295', NULL, 'Florez Florez Julio Cesar', NULL, NULL, NULL),
('92299', NULL, 'Diaz Sepulveda Maibeth Yuliana', NULL, NULL, NULL),
('92300', NULL, 'Torrado Vera Zuleth Vanesa', NULL, NULL, NULL),
('92302', NULL, 'Cardenas Zuluaga Kevin Stiven', NULL, NULL, NULL),
('92304', NULL, 'Churio Waldo Luz Angela', NULL, NULL, NULL),
('92306', NULL, 'Mojica Correal Joan Mateo', NULL, NULL, NULL),
('92312', NULL, 'Navarro Ortega Yissel Oriana', NULL, NULL, NULL),
('92315', NULL, 'Uribe Perez Jose Gregorio', NULL, NULL, NULL),
('92319', NULL, 'Malpica Barbosa Sandra Julieth', NULL, NULL, NULL);

-- --------------------------------------------------------

--
-- Estructura de tabla para la tabla `liquidacion`
--

CREATE TABLE IF NOT EXISTS `liquidacion` (
  `codmodelo` int(11) NOT NULL,
  `codconcepto` varchar(10) NOT NULL,
  `codempleado` varchar(5) NOT NULL,
  `numproceso` int(11) NOT NULL,
  `valor` decimal(10,0) DEFAULT NULL,
  `fecha` date DEFAULT NULL,
  `id` int(11) NOT NULL AUTO_INCREMENT,
  PRIMARY KEY (`id`),
  KEY `liquidacion_fk1` (`numproceso`),
  KEY `codconcepto` (`codconcepto`),
  KEY `liquidacion_fk2` (`codempleado`)
) ENGINE=InnoDB  DEFAULT CHARSET=latin1 AUTO_INCREMENT=80882 ;

--
-- Volcado de datos para la tabla `liquidacion`
--

INSERT INTO `liquidacion` (`codmodelo`, `codconcepto`, `codempleado`, `numproceso`, `valor`, `fecha`, `id`) VALUES
(1, 'AUXTRA', '50057', 1, '6780', '2012-02-01', 1),
(1, 'AUXTRA', '50057', 2, '6780', '2012-03-01', 2),
(1, 'AUXTRA', '50057', 5, '6780', '2012-04-01', 3),
(1, 'AUXTRA', '50057', 6, '6780', '2012-05-01', 4),
(1, 'AUXTRA', '50057', 9, '2938', '2012-06-01', 5),
(1, 'AUXTRA', '50057', 11, '6328', '2012-07-01', 6),
(1, 'AUXTRA', '50057', 12, '6780', '2012-08-01', 7),
(1, 'AUXTRA', '50057', 14, '6780', '2012-09-01', 8),
(1, 'AUXTRA', '50057', 15, '6780', '2012-10-01', 9),
(1, 'AUXTRA', '50057', 17, '6780', '2012-11-01', 10),
(1, 'AUXTRA', '50057', 18, '4746', '2012-12-01', 11),
(1, 'AUXTRA', '50057', 20, '3290', '2013-01-01', 12),
(1, 'AUXTRA', '50057', 22, '7050', '2013-02-01', 13),
(1, 'AUXTRA', '50057', 24, '7050', '2013-03-01', 14),
(1, 'AUXTRA', '50057', 26, '7050', '2013-04-01', 15),
(1, 'AUXTRA', '50057', 28, '7050', '2013-05-01', 16),
(1, 'AUXTRA', '50057', 30, '6580', '2013-06-01', 17),
(1, 'AUXTRA', '50057', 32, '3525', '2013-07-01', 18),
(1, 'AUXTRA', '50057', 34, '7050', '2013-08-01', 19),
(1, 'AUXTRA', '50057', 36, '7050', '2013-09-01', 20),
(1, 'AUXTRA', '50057', 38, '7050', '2013-10-01', 21),
(1, 'AUXTRA', '50057', 40, '7050', '2013-11-01', 22),
(1, 'AUXTRA', '50057', 41, '6345', '2013-12-01', 23),
(1, 'AUXTRA', '50057', 43, '3360', '2014-01-01', 24),
(1, 'AUXTRA', '50057', 45, '7200', '2014-02-01', 25),
(1, 'AUXTRA', '50057', 46, '7200', '2014-03-01', 26),
(1, 'AUXTRA', '50057', 47, '7200', '2014-04-01', 27),
(1, 'AUXTRA', '50057', 49, '7200', '2014-05-01', 28),
(1, 'AUXTRA', '50057', 51, '5760', '2014-06-01', 29),
(1, 'AUXTRA', '50057', 53, '5520', '2014-07-01', 30),
(1, 'AUXTRA', '50057', 54, '7200', '2014-08-01', 31),
(1, 'AUXTRA', '50057', 57, '7200', '2014-09-01', 32),
(1, 'AUXTRA', '50057', 59, '7200', '2014-10-01', 33),
(1, 'AUXTRA', '50057', 61, '7200', '2014-11-01', 34),
(1, 'AUXTRA', '50057', 62, '5520', '2014-12-01', 35),
(1, 'AUXTRA', '50057', 64, '2466', '2015-01-01', 36),
(1, 'AUXTRA', '50057', 66, '7400', '2015-02-01', 37),
(1, 'AUXTRA', '50057', 67, '7400', '2015-03-01', 38),
(1, 'AUXTRA', '50057', 69, '7400', '2015-04-01', 39),
(1, 'AUXTRA', '50057', 70, '7400', '2015-05-01', 40),
(1, 'AUXTRA', '50057', 71, '7400', '2015-06-01', 41),
(1, 'AUXTRA', '50057', 75, '6906', '2015-08-01', 42),
(1, 'AUXTRA', '50057', 77, '7400', '2015-09-01', 43),
(1, 'AUXTRA', '50057', 79, '7400', '2015-10-01', 44),
(1, 'AUXTRA', '50057', 80, '7400', '2015-11-01', 45),
(1, 'AUXTRA', '50057', 81, '7400', '2015-12-01', 46),
(1, 'AUXTRA', '50057', 83, '2590', '2016-01-01', 47),
(1, 'AUXTRA', '50057', 85, '7770', '2016-02-01', 48),
(1, 'AUXTRA', '50057', 86, '7770', '2016-03-01', 49),
(1, 'AUXTRA', '50057', 87, '7770', '2016-04-01', 50),
(1, 'AUXTRA', '50057', 88, '7770', '2016-05-01', 51),
(1, 'AUXTRA', '50057', 90, '6216', '2016-06-01', 52),
(1, 'AUXTRA', '50057', 92, '4403', '2016-07-01', 53),
(1, 'AUXTRA', '50057', 94, '7770', '2016-08-01', 54),
(1, 'AUXTRA', '50057', 95, '7770', '2016-09-01', 55),
(1, 'AUXTRA', '50057', 96, '7770', '2016-10-01', 56),
(1, 'AUXTRA', '50057', 97, '7770', '2016-11-01', 57),
(1, 'AUXTRA', '50057', 98, '7770', '2016-12-01', 58),
(1, 'AUXTRA', '50057', 100, '3602', '2017-01-01', 59),
(1, 'AUXTRA', '50057', 102, '8314', '2017-02-01', 60),
(1, 'AUXTRA', '50057', 103, '8314', '2017-03-01', 61),
(1, 'AUXTRA', '50057', 104, '8314', '2017-04-01', 62),
(1, 'AUXTRA', '50057', 105, '8314', '2017-05-01', 63),
(1, 'AUXTRA', '50179', 1, '2260', '2012-02-01', 64),
(1, 'AUXTRA', '50179', 5, '4972', '2012-04-01', 65),
(1, 'AUXTRA', '50179', 6, '6780', '2012-05-01', 66),
(1, 'AUXTRA', '50179', 9, '2938', '2012-06-01', 67),
(1, 'AUXTRA', '50179', 11, '5650', '2012-07-01', 68),
(1, 'AUXTRA', '50179', 12, '3842', '2012-08-01', 69),
(1, 'AUXTRA', '50179', 15, '6780', '2012-10-01', 70),
(1, 'AUXTRA', '50179', 17, '6780', '2012-11-01', 71),
(1, 'AUXTRA', '50179', 18, '4746', '2012-12-01', 72),
(1, 'AUXTRA', '50179', 20, '1645', '2013-01-01', 73),
(1, 'AUXTRA', '50179', 22, '3290', '2013-02-01', 74),
(1, 'AUXTRA', '50179', 26, '3760', '2013-04-01', 75),
(1, 'AUXTRA', '50179', 28, '7050', '2013-05-01', 76),
(1, 'AUXTRA', '50179', 30, '6580', '2013-06-01', 77),
(1, 'AUXTRA', '50179', 32, '3290', '2013-07-01', 78),
(1, 'AUXTRA', '50179', 36, '3525', '2013-09-01', 79),
(1, 'AUXTRA', '50179', 38, '7050', '2013-10-01', 80),
(1, 'AUXTRA', '50179', 40, '7050', '2013-11-01', 81),
(1, 'AUXTRA', '50179', 41, '3055', '2013-12-01', 82),
(1, 'AUXTRA', '50179', 45, '5040', '2014-02-01', 83),
(1, 'AUXTRA', '50179', 46, '7200', '2014-03-01', 84),
(1, 'AUXTRA', '50179', 47, '7200', '2014-04-01', 85),
(1, 'AUXTRA', '50179', 49, '7200', '2014-05-01', 86),
(1, 'AUXTRA', '50179', 54, '1440', '2014-08-01', 87),
(1, 'AUXTRA', '50179', 57, '7200', '2014-09-01', 88),
(1, 'AUXTRA', '50179', 59, '7200', '2014-10-01', 89),
(1, 'AUXTRA', '50179', 61, '7200', '2014-11-01', 90),
(1, 'AUXTRA', '50179', 62, '1200', '2014-12-01', 91),
(1, 'AUXTRA', '50179', 67, '7153', '2015-03-01', 92),
(1, 'AUXTRA', '50179', 69, '7400', '2015-04-01', 93),
(1, 'AUXTRA', '50179', 70, '7400', '2015-05-01', 94),
(1, 'AUXTRA', '50179', 71, '2960', '2015-06-01', 95),
(1, 'AUXTRA', '50179', 75, '1480', '2015-08-01', 96),
(1, 'AUXTRA', '50179', 77, '7400', '2015-09-01', 97),
(1, 'AUXTRA', '50179', 79, '7400', '2015-10-01', 98),
(1, 'AUXTRA', '50179', 80, '7400', '2015-11-01', 99),
(1, 'AUXTRA', '50179', 81, '986', '2015-12-01', 100),
(1, 'AUXTRA', '50179', 85, '4921', '2016-02-01', 101),
(1, 'AUXTRA', '50179', 86, '7770', '2016-03-01', 102),
(1, 'AUXTRA', '50179', 87, '7770', '2016-04-01', 103),
(1, 'AUXTRA', '50179', 88, '7770', '2016-05-01', 104),
(1, 'AUXTRA', '50179', 90, '777', '2016-06-01', 105),
(1, 'AUXTRA', '50179', 94, '5439', '2016-08-01', 106),
(1, 'AUXTRA', '50179', 95, '7770', '2016-09-01', 107),
(1, 'AUXTRA', '50179', 96, '7770', '2016-10-01', 108),
(1, 'AUXTRA', '50179', 97, '7770', '2016-11-01', 109),
(1, 'AUXTRA', '50179', 98, '5957', '2016-12-01', 110),
(1, 'AUXTRA', '50399', 1, '6780', '2012-02-01', 111),
(1, 'AUXTRA', '50399', 2, '6780', '2012-03-01', 112),
(1, 'AUXTRA', '50399', 5, '6780', '2012-04-01', 113),
(1, 'AUXTRA', '50399', 6, '6780', '2012-05-01', 114),
(1, 'AUXTRA', '50399', 9, '2938', '2012-06-01', 115),
(1, 'AUXTRA', '50399', 11, '6328', '2012-07-01', 116),
(1, 'AUXTRA', '50399', 12, '6780', '2012-08-01', 117),
(1, 'AUXTRA', '50399', 14, '6780', '2012-09-01', 118),
(1, 'AUXTRA', '50399', 15, '6780', '2012-10-01', 119),
(1, 'AUXTRA', '50399', 17, '6780', '2012-11-01', 120),
(1, 'AUXTRA', '50399', 18, '4746', '2012-12-01', 121),
(1, 'AUXTRA', '50399', 20, '3290', '2013-01-01', 122),
(1, 'AUXTRA', '50399', 22, '7050', '2013-02-01', 123),
(1, 'AUXTRA', '50399', 24, '7050', '2013-03-01', 124),
(1, 'AUXTRA', '50399', 26, '7050', '2013-04-01', 125),
(1, 'AUXTRA', '50399', 28, '7050', '2013-05-01', 126),
(1, 'AUXTRA', '50399', 30, '6580', '2013-06-01', 127),
(1, 'AUXTRA', '50399', 32, '3525', '2013-07-01', 128),
(1, 'AUXTRA', '50399', 34, '7050', '2013-08-01', 129),
(1, 'AUXTRA', '50399', 36, '7050', '2013-09-01', 130),
(1, 'AUXTRA', '50399', 38, '7050', '2013-10-01', 131),
(1, 'AUXTRA', '50399', 40, '7050', '2013-11-01', 132),
(1, 'AUXTRA', '50399', 41, '6345', '2013-12-01', 133),
(1, 'AUXTRA', '50399', 43, '1920', '2014-01-01', 134),
(1, 'AUXTRA', '50399', 45, '7200', '2014-02-01', 135),
(1, 'AUXTRA', '50399', 46, '7200', '2014-03-01', 136),
(1, 'AUXTRA', '50399', 47, '7200', '2014-04-01', 137),
(1, 'AUXTRA', '50399', 49, '7200', '2014-05-01', 138),
(1, 'AUXTRA', '50399', 51, '5760', '2014-06-01', 139),
(1, 'AUXTRA', '50399', 54, '6480', '2014-08-01', 140),
(1, 'AUXTRA', '50399', 57, '7200', '2014-09-01', 141),
(1, 'AUXTRA', '50399', 59, '7200', '2014-10-01', 142),
(1, 'AUXTRA', '50399', 61, '7200', '2014-11-01', 143),
(1, 'AUXTRA', '50399', 62, '5520', '2014-12-01', 144),
(1, 'AUXTRA', '50399', 66, '6166', '2015-02-01', 145),
(1, 'AUXTRA', '50399', 67, '7400', '2015-03-01', 146),
(1, 'AUXTRA', '50399', 69, '7400', '2015-04-01', 147),
(1, 'AUXTRA', '50399', 70, '7400', '2015-05-01', 148),
(1, 'AUXTRA', '50399', 71, '7400', '2015-06-01', 149),
(1, 'AUXTRA', '50399', 75, '6906', '2015-08-01', 150),
(1, 'AUXTRA', '50399', 77, '7400', '2015-09-01', 151),
(1, 'AUXTRA', '50399', 79, '7400', '2015-10-01', 152),
(1, 'AUXTRA', '50399', 80, '7400', '2015-11-01', 153),
(1, 'AUXTRA', '50399', 81, '5673', '2015-12-01', 154),
(1, 'AUXTRA', '50399', 83, '1036', '2016-01-01', 155),
(1, 'AUXTRA', '50399', 85, '7770', '2016-02-01', 156),
(1, 'AUXTRA', '50399', 86, '7770', '2016-03-01', 157),
(1, 'AUXTRA', '50399', 87, '7770', '2016-04-01', 158),
(1, 'AUXTRA', '50399', 88, '7770', '2016-05-01', 159),
(1, 'AUXTRA', '50399', 90, '6216', '2016-06-01', 160),
(1, 'AUXTRA', '50399', 94, '7770', '2016-08-01', 161),
(1, 'AUXTRA', '50399', 95, '7770', '2016-09-01', 162),
(1, 'AUXTRA', '50399', 96, '7770', '2016-10-01', 163),
(1, 'AUXTRA', '50399', 97, '7770', '2016-11-01', 164),
(1, 'AUXTRA', '50399', 98, '5957', '2016-12-01', 165),
(1, 'AUXTRA', '50399', 102, '6928', '2017-02-01', 166),
(1, 'AUXTRA', '50399', 103, '8314', '2017-03-01', 167),
(1, 'AUXTRA', '50399', 104, '8314', '2017-04-01', 168),
(1, 'AUXTRA', '50399', 105, '8314', '2017-05-01', 169),
(1, 'AUXTRA', '50535', 1, '4972', '2012-02-01', 170),
(1, 'AUXTRA', '50535', 5, '4972', '2012-04-01', 171),
(1, 'AUXTRA', '50535', 6, '6780', '2012-05-01', 172),
(1, 'AUXTRA', '50535', 9, '2938', '2012-06-01', 173),
(1, 'AUXTRA', '50535', 11, '6328', '2012-07-01', 174),
(1, 'AUXTRA', '50535', 12, '5424', '2012-08-01', 175),
(1, 'AUXTRA', '50535', 14, '6328', '2012-09-01', 176),
(1, 'AUXTRA', '50535', 15, '6780', '2012-10-01', 177),
(1, 'AUXTRA', '50535', 17, '6780', '2012-11-01', 178),
(1, 'AUXTRA', '50535', 18, '4746', '2012-12-01', 179),
(1, 'AUXTRA', '50535', 20, '3290', '2013-01-01', 180),
(1, 'AUXTRA', '50535', 22, '7050', '2013-02-01', 181),
(1, 'AUXTRA', '50535', 26, '6580', '2013-04-01', 182),
(1, 'AUXTRA', '50535', 28, '7050', '2013-05-01', 183),
(1, 'AUXTRA', '50535', 30, '6580', '2013-06-01', 184),
(1, 'AUXTRA', '50535', 32, '3525', '2013-07-01', 185),
(1, 'AUXTRA', '50535', 34, '3290', '2013-08-01', 186),
(1, 'AUXTRA', '50535', 36, '6815', '2013-09-01', 187),
(1, 'AUXTRA', '50535', 38, '7050', '2013-10-01', 188),
(1, 'AUXTRA', '50535', 40, '7050', '2013-11-01', 189),
(1, 'AUXTRA', '50535', 41, '6345', '2013-12-01', 190),
(1, 'AUXTRA', '50535', 43, '5760', '2014-01-01', 191),
(1, 'AUXTRA', '50535', 45, '5040', '2014-02-01', 192),
(1, 'AUXTRA', '50535', 46, '7200', '2014-03-01', 193),
(1, 'AUXTRA', '50535', 47, '7200', '2014-04-01', 194),
(1, 'AUXTRA', '50535', 49, '7200', '2014-05-01', 195),
(1, 'AUXTRA', '50535', 51, '5760', '2014-06-01', 196),
(1, 'AUXTRA', '50535', 53, '3840', '2014-07-01', 197),
(1, 'AUXTRA', '50535', 54, '2400', '2014-08-01', 198),
(1, 'AUXTRA', '50535', 57, '7200', '2014-09-01', 199),
(1, 'AUXTRA', '50535', 59, '7200', '2014-10-01', 200),
(1, 'AUXTRA', '50535', 61, '7200', '2014-11-01', 201),
(1, 'AUXTRA', '50535', 62, '4560', '2014-12-01', 202),
(1, 'AUXTRA', '50535', 66, '3700', '2015-02-01', 203),
(1, 'AUXTRA', '50535', 67, '7400', '2015-03-01', 204),
(1, 'AUXTRA', '50535', 69, '7400', '2015-04-01', 205),
(1, 'AUXTRA', '50535', 70, '7400', '2015-05-01', 206),
(1, 'AUXTRA', '50535', 71, '7400', '2015-06-01', 207),
(1, 'AUXTRA', '50535', 73, '1973', '2015-07-01', 208),
(1, 'AUXTRA', '50535', 75, '4686', '2015-08-01', 209),
(1, 'AUXTRA', '50535', 77, '7400', '2015-09-01', 210),
(1, 'AUXTRA', '50535', 79, '7400', '2015-10-01', 211),
(1, 'AUXTRA', '50535', 80, '7400', '2015-11-01', 212),
(1, 'AUXTRA', '50535', 81, '5673', '2015-12-01', 213),
(1, 'AUXTRA', '50535', 85, '2072', '2016-02-01', 214),
(1, 'AUXTRA', '50535', 86, '7511', '2016-03-01', 215),
(1, 'AUXTRA', '50535', 87, '7770', '2016-04-01', 216),
(1, 'AUXTRA', '50535', 88, '7770', '2016-05-01', 217),
(1, 'AUXTRA', '50535', 90, '5698', '2016-06-01', 218),
(1, 'AUXTRA', '50535', 94, '3885', '2016-08-01', 219),
(1, 'AUXTRA', '50535', 95, '7770', '2016-09-01', 220),
(1, 'AUXTRA', '50535', 96, '7770', '2016-10-01', 221),
(1, 'AUXTRA', '50535', 97, '7770', '2016-11-01', 222),
(1, 'AUXTRA', '50535', 98, '5439', '2016-12-01', 223),
(1, 'AUXTRA', '50535', 102, '3048', '2017-02-01', 224),
(1, 'AUXTRA', '50535', 103, '8314', '2017-03-01', 225),
(1, 'AUXTRA', '50535', 104, '8314', '2017-04-01', 226),
(1, 'AUXTRA', '50535', 105, '8314', '2017-05-01', 227),
(1, 'AUXTRA', '50677', 1, '6780', '2012-02-01', 228),
(1, 'AUXTRA', '50677', 2, '6780', '2012-03-01', 229),
(1, 'AUXTRA', '50677', 5, '4746', '2012-04-01', 230),
(1, 'AUXTRA', '50677', 6, '6780', '2012-05-01', 231),
(1, 'AUXTRA', '50677', 9, '2938', '2012-06-01', 232),
(1, 'AUXTRA', '50677', 11, '6328', '2012-07-01', 233),
(1, 'AUXTRA', '50677', 12, '6780', '2012-08-01', 234),
(1, 'AUXTRA', '50677', 14, '6780', '2012-09-01', 235),
(1, 'AUXTRA', '50677', 15, '6780', '2012-10-01', 236),
(1, 'AUXTRA', '50677', 17, '6780', '2012-11-01', 237),
(1, 'AUXTRA', '50677', 18, '4746', '2012-12-01', 238),
(1, 'AUXTRA', '50677', 20, '2820', '2013-01-01', 239),
(1, 'AUXTRA', '50677', 22, '7050', '2013-02-01', 240),
(1, 'AUXTRA', '50677', 24, '7050', '2013-03-01', 241),
(1, 'AUXTRA', '50677', 26, '7050', '2013-04-01', 242),
(1, 'AUXTRA', '50839', 1, '2260', '2012-02-01', 243),
(1, 'AUXTRA', '50839', 5, '4972', '2012-04-01', 244),
(1, 'AUXTRA', '50839', 6, '6780', '2012-05-01', 245),
(1, 'AUXTRA', '50839', 9, '2938', '2012-06-01', 246),
(1, 'AUXTRA', '50839', 11, '5650', '2012-07-01', 247),
(1, 'AUXTRA', '50839', 12, '3842', '2012-08-01', 248),
(1, 'AUXTRA', '50839', 15, '6780', '2012-10-01', 249),
(1, 'AUXTRA', '50839', 17, '6780', '2012-11-01', 250),
(1, 'AUXTRA', '50839', 18, '4746', '2012-12-01', 251),
(1, 'AUXTRA', '50839', 20, '1645', '2013-01-01', 252),
(1, 'AUXTRA', '50839', 22, '3290', '2013-02-01', 253),
(1, 'AUXTRA', '50839', 26, '3760', '2013-04-01', 254),
(1, 'AUXTRA', '50839', 28, '7050', '2013-05-01', 255),
(1, 'AUXTRA', '50839', 30, '6580', '2013-06-01', 256),
(1, 'AUXTRA', '50839', 32, '3290', '2013-07-01', 257),
(1, 'AUXTRA', '50839', 36, '3525', '2013-09-01', 258),
(1, 'AUXTRA', '50839', 38, '7050', '2013-10-01', 259),
(1, 'AUXTRA', '50839', 40, '7050', '2013-11-01', 260),
(1, 'AUXTRA', '50839', 41, '3055', '2013-12-01', 261),
(1, 'AUXTRA', '50839', 45, '5040', '2014-02-01', 262),
(1, 'AUXTRA', '50839', 46, '7200', '2014-03-01', 263),
(1, 'AUXTRA', '50839', 47, '7200', '2014-04-01', 264),
(1, 'AUXTRA', '50839', 49, '7200', '2014-05-01', 265),
(1, 'AUXTRA', '50839', 54, '1440', '2014-08-01', 266),
(1, 'AUXTRA', '50839', 57, '7200', '2014-09-01', 267),
(1, 'AUXTRA', '50839', 59, '7200', '2014-10-01', 268),
(1, 'AUXTRA', '50839', 61, '7200', '2014-11-01', 269),
(1, 'AUXTRA', '50839', 62, '1200', '2014-12-01', 270),
(1, 'AUXTRA', '50839', 67, '7153', '2015-03-01', 271),
(1, 'AUXTRA', '50839', 69, '7400', '2015-04-01', 272),
(1, 'AUXTRA', '50839', 70, '7400', '2015-05-01', 273),
(1, 'AUXTRA', '50839', 71, '2960', '2015-06-01', 274),
(1, 'AUXTRA', '50839', 75, '1480', '2015-08-01', 275),
(1, 'AUXTRA', '50839', 77, '7400', '2015-09-01', 276),
(1, 'AUXTRA', '50839', 79, '7400', '2015-10-01', 277),
(1, 'AUXTRA', '50839', 80, '7400', '2015-11-01', 278),
(1, 'AUXTRA', '50839', 81, '986', '2015-12-01', 279),
(1, 'AUXTRA', '50839', 85, '4921', '2016-02-01', 280),
(1, 'AUXTRA', '50839', 86, '7770', '2016-03-01', 281),
(1, 'AUXTRA', '50839', 87, '7770', '2016-04-01', 282),
(1, 'AUXTRA', '50839', 88, '7770', '2016-05-01', 283),
(1, 'AUXTRA', '50839', 90, '777', '2016-06-01', 284),
(1, 'AUXTRA', '50839', 94, '5439', '2016-08-01', 285),
(1, 'AUXTRA', '50839', 95, '7770', '2016-09-01', 286),
(1, 'AUXTRA', '50839', 96, '7770', '2016-10-01', 287),
(1, 'AUXTRA', '50839', 97, '7770', '2016-11-01', 288),
(1, 'AUXTRA', '50839', 98, '518', '2016-12-01', 289),
(1, 'AUXTRA', '50839', 103, '8314', '2017-03-01', 290),
(1, 'AUXTRA', '50839', 104, '8314', '2017-04-01', 291),
(1, 'AUXTRA', '50839', 105, '8314', '2017-05-01', 292),
(1, 'AUXTRA', '50853', 1, '2260', '2012-02-01', 293),
(1, 'AUXTRA', '50853', 5, '4972', '2012-04-01', 294),
(1, 'AUXTRA', '50853', 6, '6780', '2012-05-01', 295),
(1, 'AUXTRA', '50853', 9, '2938', '2012-06-01', 296),
(1, 'AUXTRA', '50853', 11, '5650', '2012-07-01', 297),
(1, 'AUXTRA', '50853', 12, '3842', '2012-08-01', 298),
(1, 'AUXTRA', '50853', 15, '6780', '2012-10-01', 299),
(1, 'AUXTRA', '50853', 17, '6780', '2012-11-01', 300),
(1, 'AUXTRA', '50853', 18, '4746', '2012-12-01', 301),
(1, 'AUXTRA', '50853', 20, '1645', '2013-01-01', 302),
(1, 'AUXTRA', '50853', 22, '3290', '2013-02-01', 303),
(1, 'AUXTRA', '50853', 26, '3760', '2013-04-01', 304),
(1, 'AUXTRA', '50853', 28, '7050', '2013-05-01', 305),
(1, 'AUXTRA', '50853', 30, '6580', '2013-06-01', 306),
(1, 'AUXTRA', '50853', 32, '3290', '2013-07-01', 307),
(1, 'AUXTRA', '50853', 36, '3525', '2013-09-01', 308),
(1, 'AUXTRA', '50853', 38, '7050', '2013-10-01', 309),
(1, 'AUXTRA', '50853', 40, '7050', '2013-11-01', 310),
(1, 'AUXTRA', '50853', 41, '3055', '2013-12-01', 311),
(1, 'AUXTRA', '50853', 45, '5040', '2014-02-01', 312),
(1, 'AUXTRA', '50853', 46, '7200', '2014-03-01', 313),
(1, 'AUXTRA', '50853', 47, '7200', '2014-04-01', 314),
(1, 'AUXTRA', '50853', 49, '7200', '2014-05-01', 315),
(1, 'AUXTRA', '50853', 54, '1440', '2014-08-01', 316),
(1, 'AUXTRA', '50853', 57, '7200', '2014-09-01', 317),
(1, 'AUXTRA', '50853', 59, '7200', '2014-10-01', 318),
(1, 'AUXTRA', '50853', 61, '7200', '2014-11-01', 319),
(1, 'AUXTRA', '50853', 62, '1200', '2014-12-01', 320),
(1, 'AUXTRA', '50853', 67, '7153', '2015-03-01', 321),
(1, 'AUXTRA', '50853', 69, '7400', '2015-04-01', 322),
(1, 'AUXTRA', '50853', 70, '7400', '2015-05-01', 323),
(1, 'AUXTRA', '50853', 71, '2960', '2015-06-01', 324),
(1, 'AUXTRA', '50853', 75, '1480', '2015-08-01', 325),
(1, 'AUXTRA', '50853', 77, '7400', '2015-09-01', 326),
(1, 'AUXTRA', '50853', 79, '7400', '2015-10-01', 327),
(1, 'AUXTRA', '50853', 80, '7400', '2015-11-01', 328),
(1, 'AUXTRA', '50853', 81, '986', '2015-12-01', 329),
(1, 'AUXTRA', '50853', 85, '4921', '2016-02-01', 330),
(1, 'AUXTRA', '50853', 86, '7770', '2016-03-01', 331),
(1, 'AUXTRA', '50853', 87, '7770', '2016-04-01', 332),
(1, 'AUXTRA', '50853', 88, '7770', '2016-05-01', 333),
(1, 'AUXTRA', '50853', 90, '777', '2016-06-01', 334),
(1, 'AUXTRA', '50853', 94, '5439', '2016-08-01', 335),
(1, 'AUXTRA', '50853', 95, '7770', '2016-09-01', 336),
(1, 'AUXTRA', '50853', 96, '7770', '2016-10-01', 337),
(1, 'AUXTRA', '50853', 97, '7770', '2016-11-01', 338),
(1, 'AUXTRA', '50853', 98, '518', '2016-12-01', 339),
(1, 'AUXTRA', '50853', 103, '8314', '2017-03-01', 340),
(1, 'AUXTRA', '50853', 104, '8314', '2017-04-01', 341),
(1, 'AUXTRA', '50853', 105, '8314', '2017-05-01', 342),
(1, 'AUXTRA', '50961', 1, '6780', '2012-02-01', 343),
(1, 'AUXTRA', '50961', 2, '6780', '2012-03-01', 344),
(1, 'AUXTRA', '50961', 5, '6780', '2012-04-01', 345),
(1, 'AUXTRA', '50961', 6, '6780', '2012-05-01', 346),
(1, 'AUXTRA', '50961', 9, '2938', '2012-06-01', 347),
(1, 'AUXTRA', '50961', 11, '6328', '2012-07-01', 348),
(1, 'AUXTRA', '50961', 12, '6780', '2012-08-01', 349),
(1, 'AUXTRA', '50961', 14, '6780', '2012-09-01', 350),
(1, 'AUXTRA', '50961', 15, '6780', '2012-10-01', 351),
(1, 'AUXTRA', '50961', 17, '6780', '2012-11-01', 352),
(1, 'AUXTRA', '50961', 18, '4746', '2012-12-01', 353),
(1, 'AUXTRA', '50961', 20, '3290', '2013-01-01', 354),
(1, 'AUXTRA', '50961', 22, '7050', '2013-02-01', 355),
(1, 'AUXTRA', '50961', 24, '7050', '2013-03-01', 356),
(1, 'AUXTRA', '50961', 26, '7050', '2013-04-01', 357),
(1, 'AUXTRA', '50961', 28, '7050', '2013-05-01', 358),
(1, 'AUXTRA', '50961', 30, '6580', '2013-06-01', 359),
(1, 'AUXTRA', '50976', 1, '2260', '2012-02-01', 360),
(1, 'AUXTRA', '50976', 5, '4972', '2012-04-01', 361),
(1, 'AUXTRA', '50976', 6, '6780', '2012-05-01', 362),
(1, 'AUXTRA', '50976', 9, '2938', '2012-06-01', 363),
(1, 'AUXTRA', '50976', 11, '5650', '2012-07-01', 364),
(1, 'AUXTRA', '50976', 12, '3842', '2012-08-01', 365),
(1, 'AUXTRA', '50976', 15, '6780', '2012-10-01', 366),
(1, 'AUXTRA', '50976', 17, '6780', '2012-11-01', 367),
(1, 'AUXTRA', '50976', 18, '4746', '2012-12-01', 368),
(1, 'AUXTRA', '50976', 20, '1645', '2013-01-01', 369),
(1, 'AUXTRA', '50976', 22, '3290', '2013-02-01', 370),
(1, 'AUXTRA', '50976', 26, '3760', '2013-04-01', 371),
(1, 'AUXTRA', '50976', 28, '7050', '2013-05-01', 372),
(1, 'AUXTRA', '50976', 30, '6580', '2013-06-01', 373),
(1, 'AUXTRA', '50976', 32, '3290', '2013-07-01', 374),
(1, 'AUXTRA', '50976', 36, '3525', '2013-09-01', 375),
(1, 'AUXTRA', '50976', 38, '2350', '2013-10-01', 376),
(1, 'AUXTRA', '50984', 1, '1695', '2012-02-01', 377),
(1, 'AUXTRA', '50984', 2, '3390', '2012-03-01', 378),
(1, 'AUXTRA', '50984', 5, '3390', '2012-04-01', 379),
(1, 'AUXTRA', '50984', 6, '3390', '2012-05-01', 380),
(1, 'AUXTRA', '50984', 9, '1469', '2012-06-01', 381),
(1, 'AUXTRA', '50984', 12, '1695', '2012-08-01', 382),
(1, 'AUXTRA', '50984', 14, '3390', '2012-09-01', 383),
(1, 'AUXTRA', '50984', 15, '3390', '2012-10-01', 384),
(1, 'AUXTRA', '50984', 17, '3390', '2012-11-01', 385),
(1, 'AUXTRA', '50984', 18, '2373', '2012-12-01', 386),
(1, 'AUXTRA', '50984', 22, '1880', '2013-02-01', 387),
(1, 'AUXTRA', '50984', 24, '3525', '2013-03-01', 388),
(1, 'AUXTRA', '50984', 26, '3525', '2013-04-01', 389),
(1, 'AUXTRA', '50984', 28, '3525', '2013-05-01', 390),
(1, 'AUXTRA', '50984', 30, '3290', '2013-06-01', 391),
(1, 'AUXTRA', '50984', 32, '1762', '2013-07-01', 392),
(1, 'AUXTRA', '50984', 34, '3525', '2013-08-01', 393),
(1, 'AUXTRA', '50984', 36, '3525', '2013-09-01', 394),
(1, 'AUXTRA', '50984', 38, '3525', '2013-10-01', 395),
(1, 'AUXTRA', '50984', 40, '3525', '2013-11-01', 396),
(1, 'AUXTRA', '50984', 41, '3172', '2013-12-01', 397),
(1, 'AUXTRA', '50984', 45, '3360', '2014-02-01', 398),
(1, 'AUXTRA', '50984', 46, '3600', '2014-03-01', 399),
(1, 'AUXTRA', '50984', 47, '3600', '2014-04-01', 400),
(1, 'AUXTRA', '50984', 49, '3600', '2014-05-01', 401),
(1, 'AUXTRA', '50984', 51, '2880', '2014-06-01', 402),
(1, 'AUXTRA', '50984', 54, '3120', '2014-08-01', 403),
(1, 'AUXTRA', '50984', 57, '3600', '2014-09-01', 404),
(1, 'AUXTRA', '50984', 59, '3600', '2014-10-01', 405),
(1, 'AUXTRA', '50984', 61, '3600', '2014-11-01', 406),
(1, 'AUXTRA', '50984', 62, '2760', '2014-12-01', 407),
(1, 'AUXTRA', '51022', 1, '2260', '2012-02-01', 408),
(1, 'AUXTRA', '51022', 5, '4972', '2012-04-01', 409),
(1, 'AUXTRA', '51022', 6, '6780', '2012-05-01', 410),
(1, 'AUXTRA', '51022', 9, '2938', '2012-06-01', 411),
(1, 'AUXTRA', '51022', 11, '5650', '2012-07-01', 412),
(1, 'AUXTRA', '51022', 12, '3842', '2012-08-01', 413),
(1, 'AUXTRA', '51022', 15, '6780', '2012-10-01', 414),
(1, 'AUXTRA', '51022', 17, '6780', '2012-11-01', 415),
(1, 'AUXTRA', '51022', 18, '4746', '2012-12-01', 416),
(1, 'AUXTRA', '51022', 20, '1645', '2013-01-01', 417),
(1, 'AUXTRA', '51022', 22, '3290', '2013-02-01', 418),
(1, 'AUXTRA', '51022', 26, '3760', '2013-04-01', 419),
(1, 'AUXTRA', '51022', 28, '7050', '2013-05-01', 420),
(1, 'AUXTRA', '51022', 30, '6580', '2013-06-01', 421),
(1, 'AUXTRA', '51022', 32, '3290', '2013-07-01', 422),
(1, 'AUXTRA', '51022', 36, '3525', '2013-09-01', 423),
(1, 'AUXTRA', '51022', 38, '7050', '2013-10-01', 424),
(1, 'AUXTRA', '51022', 40, '7050', '2013-11-01', 425),
(1, 'AUXTRA', '51022', 41, '3055', '2013-12-01', 426),
(1, 'AUXTRA', '51022', 45, '5040', '2014-02-01', 427),
(1, 'AUXTRA', '51022', 46, '7200', '2014-03-01', 428),
(1, 'AUXTRA', '51022', 47, '7200', '2014-04-01', 429),
(1, 'AUXTRA', '51022', 49, '7200', '2014-05-01', 430),
(1, 'AUXTRA', '51022', 54, '1440', '2014-08-01', 431),
(1, 'AUXTRA', '51022', 57, '240', '2014-09-01', 432),
(1, 'AUXTRA', '51023', 1, '6780', '2012-02-01', 433),
(1, 'AUXTRA', '51023', 2, '6780', '2012-03-01', 434),
(1, 'AUXTRA', '51023', 5, '6780', '2012-04-01', 435),
(1, 'AUXTRA', '51023', 6, '6780', '2012-05-01', 436),
(1, 'AUXTRA', '51023', 9, '2938', '2012-06-01', 437),
(1, 'AUXTRA', '51023', 11, '6328', '2012-07-01', 438),
(1, 'AUXTRA', '51023', 12, '6780', '2012-08-01', 439),
(1, 'AUXTRA', '51023', 14, '6780', '2012-09-01', 440),
(1, 'AUXTRA', '51023', 15, '6780', '2012-10-01', 441),
(1, 'AUXTRA', '51023', 17, '6780', '2012-11-01', 442),
(1, 'AUXTRA', '51023', 18, '4746', '2012-12-01', 443),
(1, 'AUXTRA', '51023', 20, '2820', '2013-01-01', 444),
(1, 'AUXTRA', '51023', 22, '7050', '2013-02-01', 445),
(1, 'AUXTRA', '51023', 24, '7050', '2013-03-01', 446),
(1, 'AUXTRA', '51023', 26, '7050', '2013-04-01', 447),
(1, 'AUXTRA', '51023', 28, '7050', '2013-05-01', 448),
(1, 'AUXTRA', '51023', 30, '6815', '2013-06-01', 449),
(1, 'AUXTRA', '51023', 32, '3525', '2013-07-01', 450),
(1, 'AUXTRA', '51023', 34, '7050', '2013-08-01', 451),
(1, 'AUXTRA', '51023', 36, '7050', '2013-09-01', 452),
(1, 'AUXTRA', '51023', 38, '7050', '2013-10-01', 453),
(1, 'AUXTRA', '51023', 40, '7050', '2013-11-01', 454),
(1, 'AUXTRA', '51023', 41, '6345', '2013-12-01', 455),
(1, 'AUXTRA', '51023', 45, '6720', '2014-02-01', 456),
(1, 'AUXTRA', '51023', 46, '7200', '2014-03-01', 457),
(1, 'AUXTRA', '51023', 47, '7200', '2014-04-01', 458),
(1, 'AUXTRA', '51023', 49, '7200', '2014-05-01', 459),
(1, 'AUXTRA', '51023', 51, '5760', '2014-06-01', 460),
(1, 'AUXTRA', '51023', 54, '6480', '2014-08-01', 461),
(1, 'AUXTRA', '51023', 57, '7200', '2014-09-01', 462),
(1, 'AUXTRA', '51023', 59, '7200', '2014-10-01', 463),
(1, 'AUXTRA', '51023', 61, '7200', '2014-11-01', 464),
(1, 'AUXTRA', '51023', 62, '5520', '2014-12-01', 465),
(1, 'AUXTRA', '51023', 66, '6413', '2015-02-01', 466),
(1, 'AUXTRA', '51023', 67, '7400', '2015-03-01', 467),
(1, 'AUXTRA', '51023', 69, '7400', '2015-04-01', 468),
(1, 'AUXTRA', '51023', 70, '7400', '2015-05-01', 469),
(1, 'AUXTRA', '51023', 71, '7400', '2015-06-01', 470),
(1, 'AUXTRA', '51023', 75, '6906', '2015-08-01', 471),
(1, 'AUXTRA', '51023', 77, '7400', '2015-09-01', 472),
(1, 'AUXTRA', '51023', 79, '7400', '2015-10-01', 473),
(1, 'AUXTRA', '51023', 80, '7400', '2015-11-01', 474),
(1, 'AUXTRA', '51023', 81, '5673', '2015-12-01', 475),
(1, 'AUXTRA', '51023', 85, '7511', '2016-02-01', 476),
(1, 'AUXTRA', '51023', 86, '7770', '2016-03-01', 477),
(1, 'AUXTRA', '51023', 87, '7770', '2016-04-01', 478),
(1, 'AUXTRA', '51023', 88, '7770', '2016-05-01', 479),
(1, 'AUXTRA', '51023', 90, '6216', '2016-06-01', 480),
(1, 'AUXTRA', '51023', 94, '6993', '2016-08-01', 481),
(1, 'AUXTRA', '51023', 95, '7770', '2016-09-01', 482),
(1, 'AUXTRA', '51023', 96, '7770', '2016-10-01', 483),
(1, 'AUXTRA', '51023', 97, '7770', '2016-11-01', 484),
(1, 'AUXTRA', '51023', 98, '5957', '2016-12-01', 485),
(1, 'AUXTRA', '51023', 102, '8314', '2017-02-01', 486),
(1, 'AUXTRA', '51023', 103, '8314', '2017-03-01', 487),
(1, 'AUXTRA', '51023', 104, '8314', '2017-04-01', 488),
(1, 'AUXTRA', '51023', 105, '8314', '2017-05-01', 489),
(1, 'AUXTRA', '51067', 1, '2260', '2012-02-01', 490),
(1, 'AUXTRA', '51067', 2, '6780', '2012-03-01', 491),
(1, 'AUXTRA', '51067', 5, '4972', '2012-04-01', 492),
(1, 'AUXTRA', '51067', 6, '6780', '2012-05-01', 493),
(1, 'AUXTRA', '51067', 9, '2938', '2012-06-01', 494),
(1, 'AUXTRA', '51067', 11, '6328', '2012-07-01', 495),
(1, 'AUXTRA', '51067', 12, '3842', '2012-08-01', 496),
(1, 'AUXTRA', '51067', 14, '6328', '2012-09-01', 497),
(1, 'AUXTRA', '51067', 15, '6780', '2012-10-01', 498),
(1, 'AUXTRA', '51067', 17, '6780', '2012-11-01', 499),
(1, 'AUXTRA', '51067', 18, '4746', '2012-12-01', 500),
(1, 'AUXTRA', '51067', 20, '3290', '2013-01-01', 501),
(1, 'AUXTRA', '51067', 22, '3290', '2013-02-01', 502),
(1, 'AUXTRA', '51067', 26, '6815', '2013-04-01', 503),
(1, 'AUXTRA', '51067', 28, '7050', '2013-05-01', 504),
(1, 'AUXTRA', '51067', 30, '6580', '2013-06-01', 505),
(1, 'AUXTRA', '51067', 32, '3525', '2013-07-01', 506),
(1, 'AUXTRA', '51067', 36, '6345', '2013-09-01', 507),
(1, 'AUXTRA', '51067', 38, '7050', '2013-10-01', 508),
(1, 'AUXTRA', '51067', 40, '7050', '2013-11-01', 509),
(1, 'AUXTRA', '51067', 41, '3995', '2013-12-01', 510),
(1, 'AUXTRA', '51067', 43, '5760', '2014-01-01', 511),
(1, 'AUXTRA', '51067', 45, '5040', '2014-02-01', 512),
(1, 'AUXTRA', '51067', 46, '7200', '2014-03-01', 513),
(1, 'AUXTRA', '51067', 47, '7200', '2014-04-01', 514),
(1, 'AUXTRA', '51067', 49, '7200', '2014-05-01', 515),
(1, 'AUXTRA', '51067', 54, '2400', '2014-08-01', 516),
(1, 'AUXTRA', '51067', 57, '7200', '2014-09-01', 517),
(1, 'AUXTRA', '51067', 59, '7200', '2014-10-01', 518),
(1, 'AUXTRA', '51067', 61, '7200', '2014-11-01', 519),
(1, 'AUXTRA', '51067', 62, '1200', '2014-12-01', 520),
(1, 'AUXTRA', '51067', 64, '4440', '2015-01-01', 521),
(1, 'AUXTRA', '51067', 66, '3700', '2015-02-01', 522),
(1, 'AUXTRA', '51067', 67, '7400', '2015-03-01', 523),
(1, 'AUXTRA', '51067', 69, '7400', '2015-04-01', 524),
(1, 'AUXTRA', '51067', 70, '7400', '2015-05-01', 525),
(1, 'AUXTRA', '51067', 71, '2960', '2015-06-01', 526),
(1, 'AUXTRA', '51067', 75, '6906', '2015-08-01', 527),
(1, 'AUXTRA', '51067', 77, '7400', '2015-09-01', 528),
(1, 'AUXTRA', '51067', 79, '7400', '2015-10-01', 529),
(1, 'AUXTRA', '51067', 80, '7400', '2015-11-01', 530),
(1, 'AUXTRA', '51067', 81, '986', '2015-12-01', 531),
(1, 'AUXTRA', '51067', 85, '5957', '2016-02-01', 532),
(1, 'AUXTRA', '51067', 86, '7770', '2016-03-01', 533),
(1, 'AUXTRA', '51067', 87, '7770', '2016-04-01', 534),
(1, 'AUXTRA', '51067', 88, '7770', '2016-05-01', 535),
(1, 'AUXTRA', '51067', 90, '5698', '2016-06-01', 536),
(1, 'AUXTRA', '51067', 94, '3885', '2016-08-01', 537),
(1, 'AUXTRA', '51067', 95, '7770', '2016-09-01', 538),
(1, 'AUXTRA', '51067', 96, '7770', '2016-10-01', 539),
(1, 'AUXTRA', '51067', 97, '7770', '2016-11-01', 540),
(1, 'AUXTRA', '51067', 98, '5439', '2016-12-01', 541),
(1, 'AUXTRA', '51067', 102, '3048', '2017-02-01', 542),
(1, 'AUXTRA', '51067', 103, '8314', '2017-03-01', 543),
(1, 'AUXTRA', '51067', 104, '8314', '2017-04-01', 544),
(1, 'AUXTRA', '51067', 105, '8314', '2017-05-01', 545),
(1, 'AUXTRA', '51124', 1, '6780', '2012-02-01', 546),
(1, 'AUXTRA', '51124', 2, '6780', '2012-03-01', 547),
(1, 'AUXTRA', '51124', 5, '6780', '2012-04-01', 548),
(1, 'AUXTRA', '51124', 6, '6780', '2012-05-01', 549),
(1, 'AUXTRA', '51124', 9, '2938', '2012-06-01', 550),
(1, 'AUXTRA', '51124', 11, '6328', '2012-07-01', 551),
(1, 'AUXTRA', '51124', 12, '6780', '2012-08-01', 552),
(1, 'AUXTRA', '51124', 14, '6780', '2012-09-01', 553),
(1, 'AUXTRA', '51124', 15, '6780', '2012-10-01', 554),
(1, 'AUXTRA', '51124', 17, '6780', '2012-11-01', 555),
(1, 'AUXTRA', '51124', 18, '4746', '2012-12-01', 556),
(1, 'AUXTRA', '51124', 20, '3055', '2013-01-01', 557),
(1, 'AUXTRA', '51124', 22, '7050', '2013-02-01', 558),
(1, 'AUXTRA', '51124', 24, '7050', '2013-03-01', 559),
(1, 'AUXTRA', '51124', 26, '7050', '2013-04-01', 560),
(1, 'AUXTRA', '51124', 28, '7050', '2013-05-01', 561),
(1, 'AUXTRA', '51124', 30, '7050', '2013-06-01', 562),
(1, 'AUXTRA', '51124', 32, '1175', '2013-07-01', 563),
(1, 'AUXTRA', '51124', 34, '7050', '2013-08-01', 564),
(1, 'AUXTRA', '51124', 36, '7050', '2013-09-01', 565),
(1, 'AUXTRA', '51124', 38, '7050', '2013-10-01', 566),
(1, 'AUXTRA', '51124', 40, '7050', '2013-11-01', 567),
(1, 'AUXTRA', '51124', 41, '6345', '2013-12-01', 568),
(1, 'AUXTRA', '51124', 43, '3360', '2014-01-01', 569),
(1, 'AUXTRA', '51124', 45, '7200', '2014-02-01', 570),
(1, 'AUXTRA', '51124', 46, '7200', '2014-03-01', 571),
(1, 'AUXTRA', '51124', 47, '7200', '2014-04-01', 572),
(1, 'AUXTRA', '51124', 49, '7200', '2014-05-01', 573),
(1, 'AUXTRA', '51124', 51, '5760', '2014-06-01', 574),
(1, 'AUXTRA', '51124', 53, '5280', '2014-07-01', 575),
(1, 'AUXTRA', '51124', 54, '7200', '2014-08-01', 576),
(1, 'AUXTRA', '51124', 57, '7200', '2014-09-01', 577),
(1, 'AUXTRA', '51124', 59, '7200', '2014-10-01', 578),
(1, 'AUXTRA', '51124', 61, '7200', '2014-11-01', 579),
(1, 'AUXTRA', '51124', 62, '5520', '2014-12-01', 580),
(1, 'AUXTRA', '51124', 64, '2960', '2015-01-01', 581),
(1, 'AUXTRA', '51124', 66, '7400', '2015-02-01', 582),
(1, 'AUXTRA', '51124', 67, '7400', '2015-03-01', 583),
(1, 'AUXTRA', '51124', 69, '7400', '2015-04-01', 584),
(1, 'AUXTRA', '51124', 70, '7400', '2015-05-01', 585),
(1, 'AUXTRA', '51124', 71, '7400', '2015-06-01', 586),
(1, 'AUXTRA', '51124', 73, '4440', '2015-07-01', 587),
(1, 'AUXTRA', '51124', 75, '7400', '2015-08-01', 588),
(1, 'AUXTRA', '51124', 77, '7400', '2015-09-01', 589),
(1, 'AUXTRA', '51124', 79, '7400', '2015-10-01', 590),
(1, 'AUXTRA', '51124', 80, '7400', '2015-11-01', 591),
(1, 'AUXTRA', '51124', 81, '5673', '2015-12-01', 592),
(1, 'AUXTRA', '51124', 85, '7511', '2016-02-01', 593),
(1, 'AUXTRA', '51124', 86, '7770', '2016-03-01', 594),
(1, 'AUXTRA', '51124', 87, '7770', '2016-04-01', 595),
(1, 'AUXTRA', '51124', 88, '7770', '2016-05-01', 596),
(1, 'AUXTRA', '51124', 90, '6216', '2016-06-01', 597),
(1, 'AUXTRA', '51124', 92, '2331', '2016-07-01', 598),
(1, 'AUXTRA', '51124', 94, '7770', '2016-08-01', 599),
(1, 'AUXTRA', '51124', 95, '7770', '2016-09-01', 600),
(1, 'AUXTRA', '51124', 96, '7770', '2016-10-01', 601),
(1, 'AUXTRA', '51124', 97, '7770', '2016-11-01', 602),
(1, 'AUXTRA', '51124', 98, '5957', '2016-12-01', 603),
(1, 'AUXTRA', '51124', 100, '3325', '2017-01-01', 604),
(1, 'AUXTRA', '51124', 102, '8314', '2017-02-01', 605),
(1, 'AUXTRA', '51124', 103, '8314', '2017-03-01', 606),
(1, 'AUXTRA', '51124', 104, '8314', '2017-04-01', 607),
(1, 'AUXTRA', '51124', 105, '8314', '2017-05-01', 608),
(1, 'AUXTRA', '51144', 1, '2260', '2012-02-01', 609),
(1, 'AUXTRA', '51144', 5, '4972', '2012-04-01', 610),
(1, 'AUXTRA', '51144', 6, '6780', '2012-05-01', 611),
(1, 'AUXTRA', '51144', 9, '2938', '2012-06-01', 612),
(1, 'AUXTRA', '51144', 11, '5650', '2012-07-01', 613),
(1, 'AUXTRA', '51144', 12, '3842', '2012-08-01', 614),
(1, 'AUXTRA', '51144', 15, '6780', '2012-10-01', 615),
(1, 'AUXTRA', '51144', 17, '6780', '2012-11-01', 616),
(1, 'AUXTRA', '51144', 18, '4746', '2012-12-01', 617),
(1, 'AUXTRA', '51144', 20, '1645', '2013-01-01', 618),
(1, 'AUXTRA', '51144', 22, '3290', '2013-02-01', 619),
(1, 'AUXTRA', '51144', 26, '3760', '2013-04-01', 620),
(1, 'AUXTRA', '51144', 28, '7050', '2013-05-01', 621),
(1, 'AUXTRA', '51144', 30, '6580', '2013-06-01', 622),
(1, 'AUXTRA', '51144', 32, '3290', '2013-07-01', 623),
(1, 'AUXTRA', '51144', 36, '3525', '2013-09-01', 624),
(1, 'AUXTRA', '51144', 38, '7050', '2013-10-01', 625),
(1, 'AUXTRA', '51144', 40, '7050', '2013-11-01', 626),
(1, 'AUXTRA', '51144', 41, '3055', '2013-12-01', 627),
(1, 'AUXTRA', '51144', 45, '5040', '2014-02-01', 628),
(1, 'AUXTRA', '51144', 46, '7200', '2014-03-01', 629),
(1, 'AUXTRA', '51144', 47, '7200', '2014-04-01', 630),
(1, 'AUXTRA', '51144', 49, '7200', '2014-05-01', 631),
(1, 'AUXTRA', '51144', 54, '1440', '2014-08-01', 632),
(1, 'AUXTRA', '51144', 57, '7200', '2014-09-01', 633),
(1, 'AUXTRA', '51144', 59, '7200', '2014-10-01', 634),
(1, 'AUXTRA', '51144', 61, '7200', '2014-11-01', 635),
(1, 'AUXTRA', '51144', 62, '1200', '2014-12-01', 636),
(1, 'AUXTRA', '51144', 67, '7153', '2015-03-01', 637),
(1, 'AUXTRA', '51144', 69, '7400', '2015-04-01', 638),
(1, 'AUXTRA', '51144', 70, '7400', '2015-05-01', 639),
(1, 'AUXTRA', '51144', 71, '2960', '2015-06-01', 640),
(1, 'AUXTRA', '51144', 75, '1480', '2015-08-01', 641),
(1, 'AUXTRA', '51144', 77, '7400', '2015-09-01', 642),
(1, 'AUXTRA', '51144', 79, '7400', '2015-10-01', 643),
(1, 'AUXTRA', '51144', 80, '7400', '2015-11-01', 644),
(1, 'AUXTRA', '51144', 81, '4440', '2015-12-01', 645),
(1, 'AUXTRA', '51144', 85, '4921', '2016-02-01', 646),
(1, 'AUXTRA', '51144', 86, '7770', '2016-03-01', 647),
(1, 'AUXTRA', '51144', 87, '7770', '2016-04-01', 648),
(1, 'AUXTRA', '51144', 88, '7770', '2016-05-01', 649),
(1, 'AUXTRA', '51144', 90, '777', '2016-06-01', 650),
(1, 'AUXTRA', '51144', 94, '5439', '2016-08-01', 651),
(1, 'AUXTRA', '51144', 95, '7770', '2016-09-01', 652),
(1, 'AUXTRA', '51144', 96, '7770', '2016-10-01', 653),
(1, 'AUXTRA', '51144', 97, '7770', '2016-11-01', 654),
(1, 'AUXTRA', '51144', 98, '5957', '2016-12-01', 655),
(1, 'AUXTRA', '51144', 103, '8314', '2017-03-01', 656),
(1, 'AUXTRA', '51144', 104, '8314', '2017-04-01', 657),
(1, 'AUXTRA', '51144', 105, '8314', '2017-05-01', 658),
(1, 'AUXTRA', '51160', 1, '6780', '2012-02-01', 659),
(1, 'AUXTRA', '51160', 2, '6780', '2012-03-01', 660),
(1, 'AUXTRA', '51160', 5, '3164', '2012-04-01', 661),
(1, 'AUXTRA', '51160', 11, '2034', '2012-07-01', 662),
(1, 'AUXTRA', '51160', 12, '6780', '2012-08-01', 663),
(1, 'AUXTRA', '51160', 14, '6780', '2012-09-01', 664),
(1, 'AUXTRA', '51160', 15, '6780', '2012-10-01', 665),
(1, 'AUXTRA', '51160', 17, '6780', '2012-11-01', 666),
(1, 'AUXTRA', '51160', 18, '4746', '2012-12-01', 667),
(1, 'AUXTRA', '51160', 20, '1645', '2013-01-01', 668),
(1, 'AUXTRA', '51160', 22, '7050', '2013-02-01', 669),
(1, 'AUXTRA', '51160', 24, '7050', '2013-03-01', 670),
(1, 'AUXTRA', '51160', 26, '7050', '2013-04-01', 671),
(1, 'AUXTRA', '51160', 28, '7050', '2013-05-01', 672),
(1, 'AUXTRA', '51160', 30, '6580', '2013-06-01', 673),
(1, 'AUXTRA', '51160', 32, '3525', '2013-07-01', 674),
(1, 'AUXTRA', '51160', 34, '7050', '2013-08-01', 675),
(1, 'AUXTRA', '51160', 36, '7050', '2013-09-01', 676),
(1, 'AUXTRA', '51160', 38, '7050', '2013-10-01', 677),
(1, 'AUXTRA', '51160', 40, '7050', '2013-11-01', 678),
(1, 'AUXTRA', '51160', 41, '6345', '2013-12-01', 679),
(1, 'AUXTRA', '51160', 45, '5040', '2014-02-01', 680),
(1, 'AUXTRA', '51160', 46, '7200', '2014-03-01', 681),
(1, 'AUXTRA', '51160', 47, '7200', '2014-04-01', 682),
(1, 'AUXTRA', '51160', 49, '7200', '2014-05-01', 683),
(1, 'AUXTRA', '51160', 53, '5280', '2014-07-01', 684),
(1, 'AUXTRA', '51160', 54, '7200', '2014-08-01', 685),
(1, 'AUXTRA', '51160', 57, '7200', '2014-09-01', 686),
(1, 'AUXTRA', '51160', 59, '7200', '2014-10-01', 687),
(1, 'AUXTRA', '51160', 61, '7200', '2014-11-01', 688),
(1, 'AUXTRA', '51160', 62, '5520', '2014-12-01', 689),
(1, 'AUXTRA', '51160', 64, '2220', '2015-01-01', 690),
(1, 'AUXTRA', '51160', 66, '7400', '2015-02-01', 691),
(1, 'AUXTRA', '51160', 67, '7400', '2015-03-01', 692),
(1, 'AUXTRA', '51160', 69, '7400', '2015-04-01', 693),
(1, 'AUXTRA', '51160', 70, '7400', '2015-05-01', 694),
(1, 'AUXTRA', '51160', 71, '7400', '2015-06-01', 695),
(1, 'AUXTRA', '51160', 75, '6906', '2015-08-01', 696),
(1, 'AUXTRA', '51160', 77, '7400', '2015-09-01', 697),
(1, 'AUXTRA', '51160', 79, '7400', '2015-10-01', 698),
(1, 'AUXTRA', '51160', 80, '7400', '2015-11-01', 699),
(1, 'AUXTRA', '51160', 81, '5673', '2015-12-01', 700),
(1, 'AUXTRA', '51160', 85, '5957', '2016-02-01', 701),
(1, 'AUXTRA', '51160', 86, '7770', '2016-03-01', 702),
(1, 'AUXTRA', '51160', 87, '7770', '2016-04-01', 703),
(1, 'AUXTRA', '51160', 88, '7770', '2016-05-01', 704),
(1, 'AUXTRA', '51160', 90, '6216', '2016-06-01', 705),
(1, 'AUXTRA', '51160', 94, '5439', '2016-08-01', 706),
(1, 'AUXTRA', '51160', 95, '7770', '2016-09-01', 707),
(1, 'AUXTRA', '51160', 96, '7770', '2016-10-01', 708),
(1, 'AUXTRA', '51160', 97, '7770', '2016-11-01', 709),
(1, 'AUXTRA', '51160', 98, '5957', '2016-12-01', 710),
(1, 'AUXTRA', '51160', 103, '8314', '2017-03-01', 711),
(1, 'AUXTRA', '51160', 104, '8314', '2017-04-01', 712),
(1, 'AUXTRA', '51160', 105, '8314', '2017-05-01', 713),
(1, 'AUXTRA', '51216', 1, '6780', '2012-02-01', 714),
(1, 'AUXTRA', '51216', 2, '6780', '2012-03-01', 715),
(1, 'AUXTRA', '51216', 5, '6780', '2012-04-01', 716),
(1, 'AUXTRA', '51216', 6, '6780', '2012-05-01', 717),
(1, 'AUXTRA', '51216', 9, '2938', '2012-06-01', 718),
(1, 'AUXTRA', '51216', 11, '6328', '2012-07-01', 719),
(1, 'AUXTRA', '51216', 12, '6780', '2012-08-01', 720),
(1, 'AUXTRA', '51216', 14, '6780', '2012-09-01', 721),
(1, 'AUXTRA', '51216', 15, '6780', '2012-10-01', 722),
(1, 'AUXTRA', '51216', 17, '6780', '2012-11-01', 723),
(1, 'AUXTRA', '51216', 18, '4746', '2012-12-01', 724),
(1, 'AUXTRA', '51216', 20, '3290', '2013-01-01', 725),
(1, 'AUXTRA', '51216', 22, '7050', '2013-02-01', 726),
(1, 'AUXTRA', '51216', 24, '7050', '2013-03-01', 727),
(1, 'AUXTRA', '51216', 26, '7050', '2013-04-01', 728),
(1, 'AUXTRA', '51216', 28, '7050', '2013-05-01', 729),
(1, 'AUXTRA', '51216', 30, '6580', '2013-06-01', 730),
(1, 'AUXTRA', '51216', 32, '3525', '2013-07-01', 731),
(1, 'AUXTRA', '51216', 34, '7050', '2013-08-01', 732),
(1, 'AUXTRA', '51216', 36, '7050', '2013-09-01', 733),
(1, 'AUXTRA', '51216', 38, '7050', '2013-10-01', 734),
(1, 'AUXTRA', '51216', 40, '7050', '2013-11-01', 735),
(1, 'AUXTRA', '51216', 41, '6345', '2013-12-01', 736),
(1, 'AUXTRA', '51216', 43, '1920', '2014-01-01', 737),
(1, 'AUXTRA', '51216', 45, '7200', '2014-02-01', 738),
(1, 'AUXTRA', '51216', 46, '7200', '2014-03-01', 739),
(1, 'AUXTRA', '51216', 47, '7200', '2014-04-01', 740),
(1, 'AUXTRA', '51216', 49, '7200', '2014-05-01', 741),
(1, 'AUXTRA', '51216', 51, '5760', '2014-06-01', 742),
(1, 'AUXTRA', '51216', 53, '3360', '2014-07-01', 743),
(1, 'AUXTRA', '51216', 54, '7200', '2014-08-01', 744),
(1, 'AUXTRA', '51216', 57, '7200', '2014-09-01', 745),
(1, 'AUXTRA', '51216', 59, '7200', '2014-10-01', 746),
(1, 'AUXTRA', '51216', 61, '7200', '2014-11-01', 747),
(1, 'AUXTRA', '51216', 62, '5520', '2014-12-01', 748),
(1, 'AUXTRA', '51216', 64, '2466', '2015-01-01', 749),
(1, 'AUXTRA', '51216', 66, '7400', '2015-02-01', 750),
(1, 'AUXTRA', '51216', 67, '7400', '2015-03-01', 751),
(1, 'AUXTRA', '51216', 69, '7400', '2015-04-01', 752),
(1, 'AUXTRA', '51216', 70, '7400', '2015-05-01', 753),
(1, 'AUXTRA', '51216', 71, '7400', '2015-06-01', 754),
(1, 'AUXTRA', '51216', 75, '6906', '2015-08-01', 755),
(1, 'AUXTRA', '51216', 77, '7400', '2015-09-01', 756),
(1, 'AUXTRA', '51216', 79, '7400', '2015-10-01', 757),
(1, 'AUXTRA', '51216', 80, '7400', '2015-11-01', 758),
(1, 'AUXTRA', '51216', 81, '5673', '2015-12-01', 759),
(1, 'AUXTRA', '51216', 85, '7511', '2016-02-01', 760),
(1, 'AUXTRA', '51216', 86, '7770', '2016-03-01', 761),
(1, 'AUXTRA', '51216', 87, '7770', '2016-04-01', 762),
(1, 'AUXTRA', '51216', 88, '7770', '2016-05-01', 763),
(1, 'AUXTRA', '51216', 90, '6216', '2016-06-01', 764),
(1, 'AUXTRA', '51216', 94, '7770', '2016-08-01', 765),
(1, 'AUXTRA', '51216', 95, '7770', '2016-09-01', 766),
(1, 'AUXTRA', '51216', 96, '7770', '2016-10-01', 767),
(1, 'AUXTRA', '51216', 97, '7770', '2016-11-01', 768),
(1, 'AUXTRA', '51216', 98, '5957', '2016-12-01', 769),
(1, 'AUXTRA', '51216', 102, '4988', '2017-02-01', 770),
(1, 'AUXTRA', '51216', 103, '8314', '2017-03-01', 771),
(1, 'AUXTRA', '51216', 104, '8314', '2017-04-01', 772),
(1, 'AUXTRA', '51216', 105, '8314', '2017-05-01', 773),
(1, 'AUXTRA', '51229', 1, '2260', '2012-02-01', 774),
(1, 'AUXTRA', '51229', 5, '4972', '2012-04-01', 775),
(1, 'AUXTRA', '51229', 6, '6780', '2012-05-01', 776),
(1, 'AUXTRA', '51229', 9, '2938', '2012-06-01', 777),
(1, 'AUXTRA', '51229', 11, '6328', '2012-07-01', 778),
(1, 'AUXTRA', '51229', 12, '3842', '2012-08-01', 779),
(1, 'AUXTRA', '51229', 15, '6780', '2012-10-01', 780),
(1, 'AUXTRA', '51229', 17, '6780', '2012-11-01', 781),
(1, 'AUXTRA', '51229', 18, '4746', '2012-12-01', 782),
(1, 'AUXTRA', '51229', 20, '3290', '2013-01-01', 783),
(1, 'AUXTRA', '51229', 22, '3290', '2013-02-01', 784),
(1, 'AUXTRA', '51229', 26, '6815', '2013-04-01', 785),
(1, 'AUXTRA', '51229', 28, '7050', '2013-05-01', 786),
(1, 'AUXTRA', '51229', 30, '6580', '2013-06-01', 787),
(1, 'AUXTRA', '51229', 32, '3525', '2013-07-01', 788),
(1, 'AUXTRA', '51229', 36, '6345', '2013-09-01', 789),
(1, 'AUXTRA', '51229', 38, '7050', '2013-10-01', 790),
(1, 'AUXTRA', '51229', 40, '7050', '2013-11-01', 791),
(1, 'AUXTRA', '51229', 41, '3995', '2013-12-01', 792),
(1, 'AUXTRA', '51229', 45, '5040', '2014-02-01', 793),
(1, 'AUXTRA', '51229', 46, '7200', '2014-03-01', 794),
(1, 'AUXTRA', '51229', 47, '7200', '2014-04-01', 795),
(1, 'AUXTRA', '51229', 49, '7200', '2014-05-01', 796),
(1, 'AUXTRA', '51229', 54, '2400', '2014-08-01', 797),
(1, 'AUXTRA', '51229', 57, '7200', '2014-09-01', 798),
(1, 'AUXTRA', '51229', 59, '7200', '2014-10-01', 799),
(1, 'AUXTRA', '51229', 61, '6960', '2014-11-01', 800),
(1, 'AUXTRA', '51229', 62, '1200', '2014-12-01', 801),
(1, 'AUXTRA', '51229', 66, '3700', '2015-02-01', 802),
(1, 'AUXTRA', '51229', 67, '7400', '2015-03-01', 803),
(1, 'AUXTRA', '51229', 69, '7400', '2015-04-01', 804),
(1, 'AUXTRA', '51229', 70, '7400', '2015-05-01', 805),
(1, 'AUXTRA', '51229', 71, '2960', '2015-06-01', 806),
(1, 'AUXTRA', '51229', 75, '3206', '2015-08-01', 807),
(1, 'AUXTRA', '51229', 77, '7400', '2015-09-01', 808),
(1, 'AUXTRA', '51229', 79, '7400', '2015-10-01', 809),
(1, 'AUXTRA', '51229', 80, '7400', '2015-11-01', 810),
(1, 'AUXTRA', '51229', 81, '986', '2015-12-01', 811),
(1, 'AUXTRA', '51229', 85, '5439', '2016-02-01', 812),
(1, 'AUXTRA', '51229', 86, '7770', '2016-03-01', 813),
(1, 'AUXTRA', '51229', 87, '7770', '2016-04-01', 814),
(1, 'AUXTRA', '51229', 88, '7770', '2016-05-01', 815),
(1, 'AUXTRA', '51229', 90, '5698', '2016-06-01', 816),
(1, 'AUXTRA', '51229', 94, '3885', '2016-08-01', 817),
(1, 'AUXTRA', '51229', 95, '7770', '2016-09-01', 818),
(1, 'AUXTRA', '51229', 96, '7770', '2016-10-01', 819),
(1, 'AUXTRA', '51229', 97, '7770', '2016-11-01', 820),
(1, 'AUXTRA', '51229', 98, '5439', '2016-12-01', 821),
(1, 'AUXTRA', '51229', 102, '3048', '2017-02-01', 822),
(1, 'AUXTRA', '51229', 103, '8314', '2017-03-01', 823),
(1, 'AUXTRA', '51229', 104, '8314', '2017-04-01', 824),
(1, 'AUXTRA', '51229', 105, '8314', '2017-05-01', 825),
(1, 'AUXTRA', '51241', 1, '6780', '2012-02-01', 826),
(1, 'AUXTRA', '51241', 2, '6780', '2012-03-01', 827),
(1, 'AUXTRA', '51241', 5, '6780', '2012-04-01', 828),
(1, 'AUXTRA', '51241', 6, '6780', '2012-05-01', 829),
(1, 'AUXTRA', '51241', 9, '2938', '2012-06-01', 830),
(1, 'AUXTRA', '51241', 11, '6328', '2012-07-01', 831),
(1, 'AUXTRA', '51241', 12, '6780', '2012-08-01', 832),
(1, 'AUXTRA', '51241', 14, '6780', '2012-09-01', 833),
(1, 'AUXTRA', '51241', 15, '6780', '2012-10-01', 834),
(1, 'AUXTRA', '51241', 17, '6780', '2012-11-01', 835),
(1, 'AUXTRA', '51241', 18, '4746', '2012-12-01', 836),
(1, 'AUXTRA', '51241', 20, '3290', '2013-01-01', 837),
(1, 'AUXTRA', '51241', 22, '7050', '2013-02-01', 838),
(1, 'AUXTRA', '51241', 24, '7050', '2013-03-01', 839),
(1, 'AUXTRA', '51241', 26, '7050', '2013-04-01', 840),
(1, 'AUXTRA', '51241', 28, '7050', '2013-05-01', 841),
(1, 'AUXTRA', '51241', 30, '6580', '2013-06-01', 842),
(1, 'AUXTRA', '51241', 32, '3525', '2013-07-01', 843),
(1, 'AUXTRA', '51241', 34, '7050', '2013-08-01', 844),
(1, 'AUXTRA', '51241', 36, '7050', '2013-09-01', 845),
(1, 'AUXTRA', '51241', 38, '7050', '2013-10-01', 846),
(1, 'AUXTRA', '51241', 40, '7050', '2013-11-01', 847),
(1, 'AUXTRA', '51241', 41, '6345', '2013-12-01', 848),
(1, 'AUXTRA', '51241', 43, '1920', '2014-01-01', 849),
(1, 'AUXTRA', '51241', 45, '7200', '2014-02-01', 850),
(1, 'AUXTRA', '51241', 46, '7200', '2014-03-01', 851),
(1, 'AUXTRA', '51241', 47, '7200', '2014-04-01', 852),
(1, 'AUXTRA', '51241', 49, '7200', '2014-05-01', 853),
(1, 'AUXTRA', '51241', 51, '5760', '2014-06-01', 854),
(1, 'AUXTRA', '51241', 53, '3360', '2014-07-01', 855),
(1, 'AUXTRA', '51241', 54, '7200', '2014-08-01', 856),
(1, 'AUXTRA', '51241', 57, '7200', '2014-09-01', 857),
(1, 'AUXTRA', '51241', 59, '7200', '2014-10-01', 858),
(1, 'AUXTRA', '51241', 61, '7200', '2014-11-01', 859),
(1, 'AUXTRA', '51241', 62, '5520', '2014-12-01', 860),
(1, 'AUXTRA', '51241', 64, '2466', '2015-01-01', 861),
(1, 'AUXTRA', '51241', 66, '7400', '2015-02-01', 862),
(1, 'AUXTRA', '51241', 67, '7400', '2015-03-01', 863),
(1, 'AUXTRA', '51241', 69, '7400', '2015-04-01', 864),
(1, 'AUXTRA', '51241', 70, '7400', '2015-05-01', 865),
(1, 'AUXTRA', '51241', 71, '7400', '2015-06-01', 866),
(1, 'AUXTRA', '51241', 75, '6906', '2015-08-01', 867),
(1, 'AUXTRA', '51241', 77, '7400', '2015-09-01', 868),
(1, 'AUXTRA', '51241', 79, '7400', '2015-10-01', 869),
(1, 'AUXTRA', '51241', 80, '7400', '2015-11-01', 870),
(1, 'AUXTRA', '51241', 81, '5673', '2015-12-01', 871),
(1, 'AUXTRA', '51241', 83, '1554', '2016-01-01', 872),
(1, 'AUXTRA', '51241', 85, '7770', '2016-02-01', 873),
(1, 'AUXTRA', '51241', 86, '7770', '2016-03-01', 874),
(1, 'AUXTRA', '51241', 87, '7770', '2016-04-01', 875),
(1, 'AUXTRA', '51241', 88, '7770', '2016-05-01', 876),
(1, 'AUXTRA', '51241', 90, '6216', '2016-06-01', 877),
(1, 'AUXTRA', '51241', 94, '7770', '2016-08-01', 878),
(1, 'AUXTRA', '51241', 95, '7770', '2016-09-01', 879),
(1, 'AUXTRA', '51241', 96, '7770', '2016-10-01', 880),
(1, 'AUXTRA', '51241', 97, '7770', '2016-11-01', 881),
(1, 'AUXTRA', '51241', 98, '7770', '2016-12-01', 882),
(1, 'AUXTRA', '51241', 102, '8314', '2017-02-01', 883),
(1, 'AUXTRA', '51241', 103, '8314', '2017-03-01', 884),
(1, 'AUXTRA', '51241', 104, '8314', '2017-04-01', 885),
(1, 'AUXTRA', '51241', 105, '8314', '2017-05-01', 886),
(1, 'AUXTRA', '51245', 1, '2260', '2012-02-01', 887),
(1, 'AUXTRA', '51252', 1, '2260', '2012-02-01', 888),
(1, 'AUXTRA', '51252', 2, '6780', '2012-03-01', 889),
(1, 'AUXTRA', '51252', 5, '4972', '2012-04-01', 890),
(1, 'AUXTRA', '51252', 6, '6780', '2012-05-01', 891),
(1, 'AUXTRA', '51252', 9, '2938', '2012-06-01', 892),
(1, 'AUXTRA', '51252', 11, '6328', '2012-07-01', 893),
(1, 'AUXTRA', '51252', 12, '3842', '2012-08-01', 894),
(1, 'AUXTRA', '51252', 14, '6328', '2012-09-01', 895),
(1, 'AUXTRA', '51252', 15, '6780', '2012-10-01', 896),
(1, 'AUXTRA', '51252', 17, '6780', '2012-11-01', 897),
(1, 'AUXTRA', '51252', 18, '4746', '2012-12-01', 898),
(1, 'AUXTRA', '51252', 20, '3290', '2013-01-01', 899),
(1, 'AUXTRA', '51252', 22, '3290', '2013-02-01', 900),
(1, 'AUXTRA', '51252', 26, '6815', '2013-04-01', 901),
(1, 'AUXTRA', '51252', 28, '7050', '2013-05-01', 902),
(1, 'AUXTRA', '51252', 30, '6580', '2013-06-01', 903),
(1, 'AUXTRA', '51252', 32, '3525', '2013-07-01', 904),
(1, 'AUXTRA', '51252', 36, '6345', '2013-09-01', 905),
(1, 'AUXTRA', '51252', 38, '7050', '2013-10-01', 906),
(1, 'AUXTRA', '51252', 40, '7050', '2013-11-01', 907),
(1, 'AUXTRA', '51252', 41, '3995', '2013-12-01', 908),
(1, 'AUXTRA', '51252', 43, '5760', '2014-01-01', 909),
(1, 'AUXTRA', '51252', 45, '5040', '2014-02-01', 910),
(1, 'AUXTRA', '51252', 46, '7200', '2014-03-01', 911),
(1, 'AUXTRA', '51252', 47, '7200', '2014-04-01', 912),
(1, 'AUXTRA', '51252', 49, '7200', '2014-05-01', 913),
(1, 'AUXTRA', '51252', 53, '3840', '2014-07-01', 914),
(1, 'AUXTRA', '51252', 54, '2400', '2014-08-01', 915),
(1, 'AUXTRA', '51252', 57, '7200', '2014-09-01', 916),
(1, 'AUXTRA', '51252', 59, '7200', '2014-10-01', 917),
(1, 'AUXTRA', '51252', 61, '7200', '2014-11-01', 918),
(1, 'AUXTRA', '51252', 62, '1200', '2014-12-01', 919),
(1, 'AUXTRA', '51252', 66, '3700', '2015-02-01', 920),
(1, 'AUXTRA', '51252', 67, '7400', '2015-03-01', 921),
(1, 'AUXTRA', '51252', 69, '7400', '2015-04-01', 922),
(1, 'AUXTRA', '51252', 70, '7400', '2015-05-01', 923),
(1, 'AUXTRA', '51252', 71, '2960', '2015-06-01', 924),
(1, 'AUXTRA', '51252', 75, '3206', '2015-08-01', 925),
(1, 'AUXTRA', '51252', 77, '7400', '2015-09-01', 926),
(1, 'AUXTRA', '51252', 79, '7400', '2015-10-01', 927),
(1, 'AUXTRA', '51252', 80, '7400', '2015-11-01', 928),
(1, 'AUXTRA', '51252', 81, '6906', '2015-12-01', 929),
(1, 'AUXTRA', '51252', 85, '5957', '2016-02-01', 930),
(1, 'AUXTRA', '51252', 86, '7770', '2016-03-01', 931),
(1, 'AUXTRA', '51252', 87, '7770', '2016-04-01', 932),
(1, 'AUXTRA', '51252', 88, '7770', '2016-05-01', 933),
(1, 'AUXTRA', '51252', 90, '5698', '2016-06-01', 934),
(1, 'AUXTRA', '51252', 94, '3885', '2016-08-01', 935),
(1, 'AUXTRA', '51252', 95, '7770', '2016-09-01', 936),
(1, 'AUXTRA', '51252', 96, '7770', '2016-10-01', 937),
(1, 'AUXTRA', '51252', 97, '7770', '2016-11-01', 938),
(1, 'AUXTRA', '51252', 98, '5439', '2016-12-01', 939),
(1, 'AUXTRA', '51252', 102, '3048', '2017-02-01', 940),
(1, 'AUXTRA', '51252', 103, '8314', '2017-03-01', 941),
(1, 'AUXTRA', '51252', 104, '8314', '2017-04-01', 942),
(1, 'AUXTRA', '51252', 105, '8314', '2017-05-01', 943),
(1, 'AUXTRA', '51253', 1, '6780', '2012-02-01', 944);
INSERT INTO `liquidacion` (`codmodelo`, `codconcepto`, `codempleado`, `numproceso`, `valor`, `fecha`, `id`) VALUES
(1, 'AUXTRA', '51253', 2, '6780', '2012-03-01', 945),
(1, 'AUXTRA', '51253', 5, '6780', '2012-04-01', 946),
(1, 'AUXTRA', '51253', 6, '6780', '2012-05-01', 947),
(1, 'AUXTRA', '51253', 9, '3390', '2012-06-01', 948),
(1, 'AUXTRA', '51253', 10, '3390', '2012-06-16', 949),
(1, 'AUXTRA', '51253', 11, '6780', '2012-07-01', 950),
(1, 'AUXTRA', '51253', 12, '6780', '2012-08-01', 951),
(1, 'AUXTRA', '51253', 14, '6780', '2012-09-01', 952),
(1, 'AUXTRA', '51253', 20, '6110', '2013-01-01', 953),
(1, 'AUXTRA', '51253', 22, '7050', '2013-02-01', 954),
(1, 'AUXTRA', '51253', 24, '7050', '2013-03-01', 955),
(1, 'AUXTRA', '51253', 26, '940', '2013-04-01', 956),
(1, 'AUXTRA', '51261', 1, '6780', '2012-02-01', 957),
(1, 'AUXTRA', '51261', 2, '6780', '2012-03-01', 958),
(1, 'AUXTRA', '51261', 5, '6780', '2012-04-01', 959),
(1, 'AUXTRA', '51261', 6, '6780', '2012-05-01', 960),
(1, 'AUXTRA', '51261', 9, '2938', '2012-06-01', 961),
(1, 'AUXTRA', '51261', 11, '6328', '2012-07-01', 962),
(1, 'AUXTRA', '51261', 12, '6780', '2012-08-01', 963),
(1, 'AUXTRA', '51261', 14, '6780', '2012-09-01', 964),
(1, 'AUXTRA', '51261', 15, '6780', '2012-10-01', 965),
(1, 'AUXTRA', '51261', 17, '6780', '2012-11-01', 966),
(1, 'AUXTRA', '51261', 18, '4746', '2012-12-01', 967),
(1, 'AUXTRA', '51261', 20, '3290', '2013-01-01', 968),
(1, 'AUXTRA', '51261', 22, '7050', '2013-02-01', 969),
(1, 'AUXTRA', '51261', 24, '7050', '2013-03-01', 970),
(1, 'AUXTRA', '51261', 26, '7050', '2013-04-01', 971),
(1, 'AUXTRA', '51261', 28, '7050', '2013-05-01', 972),
(1, 'AUXTRA', '51261', 30, '6580', '2013-06-01', 973),
(1, 'AUXTRA', '51261', 32, '3760', '2013-07-01', 974),
(1, 'AUXTRA', '51261', 34, '7050', '2013-08-01', 975),
(1, 'AUXTRA', '51261', 36, '7050', '2013-09-01', 976),
(1, 'AUXTRA', '51261', 38, '7050', '2013-10-01', 977),
(1, 'AUXTRA', '51261', 40, '7050', '2013-11-01', 978),
(1, 'AUXTRA', '51261', 41, '6345', '2013-12-01', 979),
(1, 'AUXTRA', '51261', 43, '4320', '2014-01-01', 980),
(1, 'AUXTRA', '51261', 45, '7200', '2014-02-01', 981),
(1, 'AUXTRA', '51261', 46, '7200', '2014-03-01', 982),
(1, 'AUXTRA', '51261', 47, '7200', '2014-04-01', 983),
(1, 'AUXTRA', '51261', 49, '7200', '2014-05-01', 984),
(1, 'AUXTRA', '51261', 51, '5760', '2014-06-01', 985),
(1, 'AUXTRA', '51261', 53, '5280', '2014-07-01', 986),
(1, 'AUXTRA', '51261', 54, '3840', '2014-08-01', 987),
(1, 'AUXTRA', '51261', 57, '5280', '2014-09-01', 988),
(1, 'AUXTRA', '51261', 59, '7200', '2014-10-01', 989),
(1, 'AUXTRA', '51261', 61, '7200', '2014-11-01', 990),
(1, 'AUXTRA', '51261', 62, '5520', '2014-12-01', 991),
(1, 'AUXTRA', '51261', 64, '2466', '2015-01-01', 992),
(1, 'AUXTRA', '51261', 66, '7400', '2015-02-01', 993),
(1, 'AUXTRA', '51261', 67, '7400', '2015-03-01', 994),
(1, 'AUXTRA', '51261', 69, '7400', '2015-04-01', 995),
(1, 'AUXTRA', '51261', 70, '4686', '2015-05-01', 996),
(1, 'AUXTRA', '51261', 71, '7400', '2015-06-01', 997),
(1, 'AUXTRA', '51261', 73, '4440', '2015-07-01', 998),
(1, 'AUXTRA', '51261', 75, '7400', '2015-08-01', 999);

-- --------------------------------------------------------

--
-- Estructura de tabla para la tabla `proceso`
--

CREATE TABLE IF NOT EXISTS `proceso` (
  `id` int(11) NOT NULL,
  `descripcion` varchar(100) DEFAULT NULL,
  `fechainicio` date DEFAULT NULL,
  `fechafin` date DEFAULT NULL,
  PRIMARY KEY (`id`)
) ENGINE=InnoDB DEFAULT CHARSET=latin1;

--
-- Volcado de datos para la tabla `proceso`
--

INSERT INTO `proceso` (`id`, `descripcion`, `fechainicio`, `fechafin`) VALUES
(1, 'NOMINA MENSUAL FEBRERO 2002', '2002-02-01', '2002-02-28'),
(2, 'NOMINA MENSUAL MARZO 2002', '2002-03-01', '2002-03-31'),
(3, 'NOMINA LIQUIDACION MES DE MARZO DE 2002', '2002-02-01', '2002-02-01'),
(4, 'NOMINA LIQUIDACION MES DE ABRIL DE 2002', '2002-03-01', '2002-03-01'),
(5, 'NOMINA MENSUAL MES DE ABRIL DE 2002', '2002-04-01', '2002-04-30'),
(6, 'NOMINA MENSUAL MES DE MAYO DE 2002', '2002-05-01', '2002-05-31'),
(7, 'NOMINA LIQUIDACION MES DE JUNIO DE 2002', '2002-06-01', '2002-06-30'),
(8, 'NOMINA MENSUAL MES DE JUNIO DE 2002', '2002-06-01', '2002-06-30'),
(9, 'PRIMERA QUINCENA MES DE JUNIO DE 2002', '2002-06-01', '2002-06-15'),
(10, 'SEGUNDA QUINCENA MES DE JUNIO DE 2002', '2002-06-16', '2002-06-30'),
(11, 'NOMINA MENSUAL MES DE JULIO DE 2002', '2002-07-01', '2002-07-31'),
(12, 'NOMINA MENSUAL MES DE AGOSTO DE 2002', '2002-08-01', '2002-08-31'),
(13, 'NOMINA LIQUIDACION MES DE SEPTIEMBRE DE 2002', '2002-09-01', '2002-09-01'),
(14, 'NOMINA MENSUAL MES DE SEPTIEMBRE DE 2002', '2002-09-01', '2002-09-30'),
(15, 'NOMINA MENSUAL MES DE OCTUBRE DE 2002', '2002-10-01', '2002-10-31'),
(16, 'NOMINA LIQUIDACION MES DE NOVIEMBRE DE 2002', '2002-11-01', '2002-11-01'),
(17, 'NOMINA MENSUAL MES DE NOVIEMBRE DE 2002', '2002-11-01', '2002-11-30'),
(18, 'NOMINA MENSUAL MES DE DICIEMBRE DE 2002', '2002-12-01', '2002-12-31'),
(19, 'NOMINA LIQUIDACION MES DE DICIEMBRE DE 2002', '2002-12-01', '2002-12-01'),
(20, 'NOMINA MENSUAL ENERO DE 2003', '2003-01-01', '2003-01-31'),
(21, 'NOMINA LIQUIDACION MES DE FEBRERO DE 2003', '2003-01-01', '2003-01-01'),
(22, 'NOMINA MENSUAL MES DE FEBRERO DE 2003', '2003-02-01', '2003-02-28'),
(23, 'NOMINA LIQUIDACION MES DE MARZO DE 2003', '2003-02-01', '2003-02-01'),
(24, 'NOMINA MENSUAL MES DE MARZO DE 2003', '2003-03-01', '2003-03-31'),
(25, 'NOMINA LIQUIDACION MES DE ABRIL DE 2003', '2003-03-01', '2003-03-01'),
(26, 'NOMINA MENSUAL MES DE ABRIL DE 2003', '2003-04-01', '2003-04-30'),
(27, 'NOMINA LIQUIDACION DE CONTRATO MES DE MAYO DE 2003', '2003-04-01', '2003-04-01'),
(28, 'NOMINA MENSUAL MES DE MAYO DE 2003', '2003-05-01', '2003-05-31'),
(29, 'NOMINA LIQUIDACION MES DE JUNIO DE 2003', '2003-05-01', '2003-05-01'),
(30, 'NOMINA MENSUAL MES DE JUNIO DE 2003', '2003-06-01', '2003-06-30'),
(31, 'NOMINA LIQUIDACION DE CONTRATO ATF I SEMESTRE 2003', '2003-06-01', '2003-06-01'),
(32, 'NOMINA MENSUAL MES DE JULIO DE 2003', '2003-07-01', '2003-07-31'),
(33, 'NOMINA LIQUIDACION MES DE AGOSTO DE 2003', '2003-07-01', '2003-07-01'),
(34, 'NOMINA MENSUAL MES DE AGOSTO DE 2003', '2003-08-01', '2003-08-31'),
(35, 'NOMINA LIQUIDACION MES DE SEPTIEMBRE DE 2003', '2003-08-01', '2003-08-01'),
(36, 'NOMINA MENSUAL MES DE SEPTIEMBRE DE 2003', '2003-09-01', '2003-09-30'),
(37, 'NOMINA LIQUIDACION CONTRATO OCTUBRE 2003', '2003-09-01', '2003-09-01'),
(38, 'NOMINA MENSUAL OCTUBRE DE 2003', '2003-10-01', '2003-10-31'),
(39, 'NOMINA LIQUIDACION CONTRATO NOVIEMBRE 2003', '2003-10-01', '2003-10-01'),
(40, 'NOMINA MENSUAL NOVIEMBRE DE 2003', '2003-11-01', '2003-11-30'),
(41, 'NOMINA MENSUAL MES DE DICIEMBRE DE 2003', '2003-12-01', '2003-12-31'),
(42, 'NOMINA LIQUIDACION MES DE DICIEMBRE 2003', '2003-12-01', '2003-12-01'),
(43, 'NOMINA MENSUAL ENERO 2004', '2004-01-01', '2004-01-31'),
(44, 'NOMINA LIQUIDACION CONTRATO MES DE FEBRERO DE 2004', '2004-01-01', '2004-01-01'),
(45, 'NOMINA MENSUAL FEBRERO DE 2004', '2004-02-01', '2004-02-28'),
(46, 'NOMINA MENSUAL MES DE MARZO DE 2004', '2004-03-01', '2004-03-31'),
(47, 'NOMINA MENSUAL DE ABRIL DE 2004', '2004-04-01', '2004-04-30'),
(48, 'NOMINA LIQUIDACION CONTRATO ABRIL 2004', '2004-03-01', '2004-03-01'),
(49, 'NOMINA MENSUAL DE MAYO 2004', '2004-05-01', '2004-05-31'),
(50, 'NOMINA LIQUIDACION CONTRATO JUNIO 2004', '2004-05-01', '2004-05-01'),
(51, 'NOMINA MENSUAL JUNIO 2004', '2004-06-01', '2004-06-30'),
(52, 'NOMINA LIQUIDACION CONTRATO I SEMESTRE', '2004-06-01', '2004-06-01'),
(53, 'NOMINA MENSUAL JULIO 2004', '2004-07-01', '2004-07-31'),
(54, 'NOMINA MENSUAL DE AGOSTO DE 2004', '2004-08-01', '2004-08-31'),
(55, 'NOMINA LIQUIDACION CONTRATO AGOSTO 2004', '2004-07-01', '2004-07-01'),
(56, 'NOMINA LIQUIDACION CONTRATO SEPTIEMBRE', '2004-08-01', '2004-08-01'),
(57, 'NOMINA MENSUAL SEPTIEMBRE 2004', '2004-09-01', '2004-09-30'),
(58, 'NOMINA LIQUIDACION CONTRATO MES DE OCTUBRE 2004', '2004-09-01', '2004-09-01'),
(59, 'NOMINA MENSUAL OCTUBRE DE 2004', '2004-10-01', '2004-10-31'),
(60, 'NOMINA II LIQUIDACION CONTRATO ATF 2004', '2004-10-01', '2004-10-01'),
(61, 'NOMINA MENSUAL MES DE NOVIEMBRE DE 2004', '2004-11-01', '2004-11-30'),
(62, 'NOMINA MENSUAL MES DE DICIEMBRE DE 2004', '2004-12-01', '2004-12-31'),
(63, 'NOMINA LIQUIDACION CONTRATO II SEMESTRE 2004', '2004-12-01', '2004-12-01'),
(64, 'NOMINA MENSUAL ENERO DE 2005', '2005-01-01', '2005-01-31'),
(65, 'NOMINA LIQUIDACION CONTRATO ATF FEBRERO', '2005-01-01', '2005-01-01'),
(66, 'NOMINA MENSUAL FEBRERO DE 2005', '2005-02-01', '2005-02-28'),
(67, 'NOMINA MENSUAL MARZO DE 2005', '2005-03-01', '2005-03-31'),
(68, 'NOMINA LIQUIDACION MARZO DE 2005', '2005-02-01', '2005-02-01'),
(69, 'NOMINA MENSUAL MES DE ABRIL DE 2005    ', '2005-04-01', '2005-04-30'),
(70, 'NOMINA MENSUAL MAYO DE 2005', '2005-05-01', '2005-05-31'),
(71, 'NOMINA MENSUAL MES DE JUNIO DE 2005 ', '2005-06-01', '2005-06-30'),
(72, 'NOMINA LIQUIDACION CONTRATO I SEMESTRE 2005', '2005-06-01', '2005-06-01'),
(73, 'NOMINA MENSUAL MES DE JULIO DE 2005 ', '2005-07-01', '2005-07-31'),
(74, 'NOMINA LIQUIDACION DE CONTRATO', '2005-07-01', '2005-07-01'),
(75, 'NOMINA MENSUAL MES DE AGOSTO DE 2005', '2005-08-01', '2005-08-31'),
(76, 'NOMINA LIQUIDACION CONTRATO AGOSTO 2005', '2005-08-01', '2005-08-01'),
(77, 'NOMINA MENSUAL MES DE SEPTIEMBRE DE 2005', '2005-09-01', '2005-09-30'),
(78, 'NOMINA LIQUIDACION DE CONTRATO SEPTIEMBRE 2005', '2005-08-01', '2005-08-01'),
(79, 'NOMINA MENSUAL MES DE OCTUBRE DE 2005', '2005-10-01', '2005-10-31'),
(80, 'NOMINA MENSUAL MES DE NOVIEMBRE DE 2005', '2005-11-01', '2005-11-30'),
(81, 'NOMINA MENSUAL MES DE DICIEMBRE DE 2005', '2005-12-01', '2005-12-31'),
(82, 'NOMINA LIQUIDACION CONTRATO DICIEMBRE DE 2005', '2005-12-01', '2005-12-01'),
(83, 'NOMINA MENSUAL MES DE ENERO DE 2006', '2006-01-01', '2006-01-31'),
(84, 'NOMINA LIQUIDACION CONTRATO ATF FEBRERO', '2006-01-01', '2006-01-01'),
(85, 'NOMINA MENSUAL MES DE FEBRERO DE 2006', '2006-02-01', '2006-02-28'),
(86, 'NOMINA MENSUAL DE MARZO 2006', '2006-03-01', '2006-03-31'),
(87, 'NOMINA MENSUAL MES DE ABRIL DE 2006', '2006-04-01', '2006-04-30'),
(88, 'NOMINA MENSUAL MES DE MAYO DE 2006', '2006-05-01', '2006-05-31'),
(89, 'NOMINA LIQUIDACION CONTRATO ATF', '2006-05-01', '2006-05-01'),
(90, 'NOMINA MENSUAL MES DE JUNIO DE 2006', '2006-06-01', '2006-06-30'),
(91, 'LIQUIDACION CONTRATO MES JUNIO DE 2006', '2006-06-01', '2006-06-01'),
(92, 'NOMINA MENSUAL MES DE JULIO DE 2006', '2006-07-01', '2006-07-31'),
(93, 'NOMINA LIQUIDACION CONTRATO JULIO', '2006-07-01', '2006-07-01'),
(94, 'NOMINA MENSUAL MES DE AGOSTO DE 2006', '2006-08-01', '2006-08-31'),
(95, 'NOMINA MENSUAL MES DE SEPTIEMBRE DE 2006', '2006-09-01', '2006-09-30'),
(96, 'NOMINA MENSUAL MES DE OCTUBRE DE 2006', '2006-10-01', '2006-10-31'),
(97, 'NOMINA MENSUAL MES DE NOVIEMBRE DE 2006', '2006-11-01', '2006-11-30'),
(98, 'NOMINA MENSUAL MES DE DICIEMBRE DE 2006', '2006-12-01', '2006-12-31'),
(99, 'NOMINA LIQUIDACION CONTRATO DICIEMBRE', '2006-12-01', '2006-12-01'),
(100, 'NOMINA MENSUAL MES DE ENERO DE 2007', '2007-01-01', '2007-01-31'),
(101, 'NOMINA LIQUIDACION CONTRATO ATF', '2007-01-01', '2007-01-01'),
(102, 'NOMINA MENSUAL MES DE FEBRERO DE 2007', '2007-02-01', '2007-02-28'),
(103, 'NOMINA MENSUAL MES DE MARZO DE 2007', '2007-03-01', '2007-03-31'),
(104, 'NOMINA MENSUAL MES DE ABRIL DE 2007', '2007-04-01', '2007-04-30'),
(105, 'NOMINA MENSUAL MES DE MAYO DE 2007', '2007-05-01', '2007-05-31');

-- --------------------------------------------------------

--
-- Estructura de tabla para la tabla `tercero`
--

CREATE TABLE IF NOT EXISTS `tercero` (
  `codtercero` varchar(20) NOT NULL,
  `descripcion` varchar(50) NOT NULL,
  PRIMARY KEY (`codtercero`)
) ENGINE=InnoDB DEFAULT CHARSET=latin1;

--
-- Volcado de datos para la tabla `tercero`
--

INSERT INTO `tercero` (`codtercero`, `descripcion`) VALUES
('T001', 'SINDICATO'),
('T002', 'SEGUROS BOLIVAR'),
('T003', 'FUNERARIA OLIVOS'),
('T004', 'FONDO'),
('T005', 'DIAN'),
('T006', 'DEPORTES'),
('T007', 'BANCO DAVIVIENDA'),
('T008', 'BANCO CITIBANK'),
('T009', 'BANCO DE OCCIDENTE'),
('T010', 'BANCOLOMBIA'),
('T011', 'ARESAN');

-- --------------------------------------------------------

--
-- Estructura de tabla para la tabla `tipoconcepto`
--

CREATE TABLE IF NOT EXISTS `tipoconcepto` (
  `id` int(11) NOT NULL,
  `descripcion` varchar(50) DEFAULT NULL,
  PRIMARY KEY (`id`)
) ENGINE=InnoDB DEFAULT CHARSET=latin1;

--
-- Volcado de datos para la tabla `tipoconcepto`
--

INSERT INTO `tipoconcepto` (`id`, `descripcion`) VALUES
(0, 'No Monetarios'),
(1, 'Devengado'),
(2, 'Deducible'),
(3, 'Concepto de Formula'),
(4, 'Patronales'),
(5, 'Provision');

--
-- Restricciones para tablas volcadas
--

--
-- Filtros para la tabla `concepto`
--
ALTER TABLE `concepto`
  ADD CONSTRAINT `concepto_fk1` FOREIGN KEY (`codtercero`) REFERENCES `tercero` (`codtercero`),
  ADD CONSTRAINT `FK_concepto_tipoconcepto` FOREIGN KEY (`tipo`) REFERENCES `tipoconcepto` (`id`);

--
-- Filtros para la tabla `liquidacion`
--
ALTER TABLE `liquidacion`
  ADD CONSTRAINT `liquidacion_fk1` FOREIGN KEY (`numproceso`) REFERENCES `proceso` (`id`),
  ADD CONSTRAINT `liquidacion_fk2` FOREIGN KEY (`codempleado`) REFERENCES `empleado` (`codigo`),
  ADD CONSTRAINT `liquidacion_fk3` FOREIGN KEY (`codconcepto`) REFERENCES `concepto` (`codconcepto`);

/*!40101 SET CHARACTER_SET_CLIENT=@OLD_CHARACTER_SET_CLIENT */;
/*!40101 SET CHARACTER_SET_RESULTS=@OLD_CHARACTER_SET_RESULTS */;
/*!40101 SET COLLATION_CONNECTION=@OLD_COLLATION_CONNECTION */;
